change_type,priority,affected_parts,affected_assemblies,estimated_cost,lead_time_days,supplier_impact,tooling_change,regulatory_impact,requester_experience_yrs,prior_similar_changes,risk_level
Software,High,30,1,109194,23,1,1,0,10,6,Low
Material,Medium,27,7,131111,45,1,1,0,2,9,High
Documentation,Low,5,8,21942,85,1,1,0,7,1,Low
Process,High,8,10,37285,8,0,0,0,15,0,Low
Design,Low,36,8,6082,109,1,1,0,12,6,Low
Documentation,High,34,2,73600,22,0,1,0,19,5,Low
Software,Medium,33,5,74373,94,0,1,0,15,6,Low
Software,Low,10,6,4942,74,1,0,1,7,9,Low
Design,Low,31,14,99402,102,0,0,0,15,1,Low
Supplier,High,4,7,1827,93,0,0,0,17,9,Low
Material,Medium,9,9,119032,62,0,0,0,12,0,Medium
Documentation,High,30,11,105965,91,0,1,0,15,5,Low
Process,High,37,5,122361,42,1,0,0,10,8,Medium
Documentation,High,39,14,18184,70,0,0,0,18,6,Low
Material,Medium,58,10,130621,109,0,0,0,4,2,High
Design,High,51,12,82397,12,1,1,1,8,6,High
Supplier,Critical,23,11,129569,43,0,0,0,5,9,Medium
Design,Low,47,9,104553,4,1,0,1,2,2,High
Documentation,Medium,6,0,98630,65,0,0,0,12,9,Low
Process,Low,51,8,5319,94,0,1,0,2,6,Low
Software,Medium,23,1,103951,6,1,0,1,4,0,High
Material,High,45,9,67586,66,1,0,1,15,3,Medium
Documentation,Medium,58,10,127460,50,0,1,0,4,8,High
Documentation,Medium,42,8,102780,94,0,0,0,17,3,Low
Software,Medium,55,4,11616,27,1,0,0,0,9,Medium
Design,Low,1,0,133514,21,1,1,0,9,4,Low
Supplier,Medium,11,10,9904,13,1,0,0,1,3,Low
Design,High,37,10,45234,50,0,1,0,1,8,Low
Design,Medium,32,7,32913,59,1,1,0,15,7,Low
Process,Medium,8,10,146145,110,0,0,0,1,2,Medium
Software,High,43,11,23402,56,0,0,1,17,7,Medium
Documentation,Low,4,7,126758,22,0,1,0,11,2,Low
Material,Medium,59,0,33714,84,0,0,0,9,8,Low
Material,Low,10,13,97769,9,1,0,0,18,0,Medium
Supplier,Critical,27,7,14006,42,0,1,0,7,6,Low
Design,High,49,10,59092,79,1,0,0,7,1,High
Design,Medium,31,13,93653,31,1,0,1,8,6,High
Supplier,Low,44,5,106811,72,1,0,0,13,9,Medium
Design,Low,42,9,130938,55,1,1,0,16,6,High
Process,Medium,56,0,122520,114,0,1,0,10,4,Medium
Material,Medium,28,13,78039,35,1,1,0,5,8,High
Documentation,Critical,58,0,45843,108,0,1,0,17,1,Low
Process,High,31,8,39556,75,0,1,0,11,5,Low
Material,Medium,53,5,148928,90,0,1,0,16,9,Medium
Documentation,High,44,0,91441,21,1,0,0,8,3,Medium
Software,Critical,8,6,136338,4,0,1,1,3,0,High
Material,Medium,38,14,65345,88,1,1,0,18,4,Medium
Design,Medium,52,2,73082,58,0,0,0,13,4,Low
Process,Critical,8,4,123950,38,1,1,0,6,8,Medium
Design,Low,50,2,108563,107,1,0,1,16,8,Medium
Design,High,7,1,30516,40,1,1,0,0,3,Low
Design,Low,52,3,78839,53,1,0,0,18,7,Low
Software,Medium,47,8,32410,87,1,1,0,11,1,Medium
Process,High,9,11,114259,115,1,1,0,11,1,High
Process,Medium,43,10,4975,108,0,1,1,0,6,Medium
Software,Medium,7,11,124133,78,0,0,1,3,7,Medium
Supplier,Medium,34,10,139393,15,1,0,0,14,8,High
Supplier,Low,55,5,3971,14,0,1,0,11,6,Medium
Design,Low,13,13,94743,83,1,1,1,2,1,High
Design,Medium,11,2,12330,62,1,1,0,13,6,Low
Process,Medium,25,10,54346,17,1,0,0,14,4,Low
Supplier,Medium,22,1,50801,84,0,1,1,5,2,Low
Supplier,Low,3,11,78195,113,0,0,0,13,3,Low
Software,High,27,1,137683,9,1,0,0,19,8,Medium
Process,Medium,16,3,69508,99,0,0,0,9,1,Low
Supplier,Medium,8,5,60041,42,1,0,0,4,5,Low
Supplier,Medium,17,10,14370,48,0,1,0,19,0,Low
Material,Low,2,0,133183,86,0,1,0,18,7,Low
Design,High,54,3,47547,31,0,0,0,9,1,Low
Material,Medium,59,5,69633,20,0,1,0,8,9,Medium
Design,Low,22,10,14299,115,1,0,0,16,8,Low
Material,Critical,52,14,43683,43,1,0,1,0,8,High
Documentation,High,28,9,83225,22,0,0,0,6,3,Low
Design,High,54,7,135146,83,1,1,0,10,7,High
Design,High,11,5,49669,27,0,0,0,13,1,Low
Design,Critical,17,12,84320,93,1,1,0,12,2,High
Design,Medium,44,1,131408,10,1,0,0,7,1,High
Process,Medium,13,1,54392,63,1,0,0,17,0,Low
Supplier,Medium,49,3,44576,49,1,1,0,12,3,Medium
Software,Medium,26,4,7138,114,1,1,0,10,5,Low
Process,Low,24,6,136239,63,0,0,0,18,8,Low
Material,Low,27,14,17084,111,0,0,0,1,0,Low
Software,High,48,9,32705,31,1,1,0,14,4,High
Design,High,1,5,21326,57,1,1,0,18,7,Low
Design,High,45,3,106273,98,1,0,0,13,2,Medium
Design,Medium,46,9,55043,20,1,0,0,11,7,Medium
Software,Low,49,3,105893,111,0,0,0,7,5,Low
Supplier,Medium,59,14,91296,93,0,0,0,5,5,High
Design,Medium,47,7,2755,81,1,1,0,10,1,Medium
Supplier,Critical,32,8,46484,30,0,0,0,17,1,Medium
Design,High,28,13,1110,98,0,1,0,9,8,Low
Process,Critical,23,4,10296,101,1,1,0,2,8,Medium
Material,High,49,7,71214,36,0,0,0,9,4,Medium
Material,Critical,24,7,40088,71,1,1,0,1,5,Medium
Material,Medium,34,4,13822,9,1,1,0,18,5,Medium
Process,Low,6,0,61597,48,0,0,1,10,5,Low
Material,Low,19,4,68060,19,1,0,0,4,7,Low
Design,Medium,16,1,148844,67,1,0,0,12,5,Low
Design,Medium,26,10,99401,66,1,0,0,10,1,Medium
Documentation,Low,30,0,59251,64,1,0,0,10,0,Low
Documentation,Critical,43,4,71257,81,0,1,0,11,8,Medium
Process,Low,26,13,13834,111,1,0,0,18,7,Low
Design,Critical,9,8,58304,25,1,0,0,17,1,Low
Documentation,High,33,10,87376,27,0,1,0,5,0,Medium
Software,Medium,4,10,3636,27,0,0,0,4,2,Low
Process,High,51,4,137986,111,0,0,0,19,5,Medium
Material,Medium,46,9,77504,12,0,0,0,12,5,Medium
Design,Medium,14,3,118111,5,0,1,0,0,1,Medium
Design,Low,16,9,41701,20,1,1,0,10,1,Medium
Documentation,Critical,2,10,125514,92,1,1,0,2,2,Medium
Supplier,Medium,22,13,55343,70,1,1,0,0,4,High
Design,Medium,3,13,139270,110,1,0,0,3,2,Medium
Material,High,56,0,78561,26,0,0,1,5,4,Medium
Process,High,8,4,95663,48,0,1,1,1,0,Medium
Design,Medium,39,8,30967,67,1,0,0,16,9,Low
Documentation,Medium,34,4,149240,10,1,1,0,8,8,Medium
Software,Low,14,9,29299,110,1,1,0,11,3,Low
Process,High,48,12,5475,96,0,1,1,17,8,Medium
Material,Medium,7,3,66254,18,0,0,0,16,5,Low
Process,Medium,53,13,125308,101,1,1,0,16,0,High
Process,Low,44,13,138216,54,0,0,0,3,2,High
Process,Medium,38,13,128623,41,0,0,0,14,0,Medium
Design,Medium,52,1,83182,113,0,1,0,19,7,Low
Material,Medium,24,4,137546,63,1,0,0,0,7,Medium
Design,Low,17,1,74058,28,0,0,0,17,6,Low
Supplier,Low,10,1,71986,97,1,1,0,17,0,Low
Material,Medium,55,0,27522,86,0,0,0,16,2,Low
Design,Low,24,6,118269,24,1,0,0,7,4,Medium
Design,High,49,1,47756,81,0,0,0,3,1,Low
Process,Critical,20,4,29664,76,0,1,0,14,1,Low
Design,Medium,57,14,55747,34,0,1,0,12,3,High
Documentation,Critical,52,13,90667,52,0,1,0,14,5,Medium
Process,Low,19,14,40865,101,1,0,0,5,0,Medium
Material,Low,29,0,54117,22,0,0,0,3,9,Low
Process,High,47,9,49851,87,1,0,0,18,4,Medium
Design,High,14,9,89627,100,1,0,0,10,1,Medium
Documentation,High,2,1,107254,112,0,0,0,17,0,Low
Supplier,Low,18,13,101496,40,0,0,0,18,9,Low
Software,High,35,6,21603,33,1,1,0,9,5,Medium
Design,Medium,9,14,52386,112,1,1,0,5,8,Low
Supplier,Medium,20,1,97450,56,1,0,0,17,7,Low
Supplier,Low,55,9,32827,69,1,0,1,14,9,High
Documentation,Critical,5,1,10885,62,1,0,0,13,8,Low
Process,Low,3,14,48592,62,0,0,0,19,7,Low
Supplier,High,26,9,101968,75,1,0,0,4,8,Medium
Design,Medium,1,1,99761,51,0,1,0,7,8,Low
Material,High,2,3,19902,48,1,0,1,0,2,Low
Supplier,High,11,5,101692,49,0,1,1,7,5,Medium
Material,High,7,0,29567,79,0,0,0,8,9,Low
Design,Low,48,0,111326,98,1,1,1,9,8,Medium
Documentation,Low,8,13,85195,67,1,1,0,3,1,Medium
Documentation,Medium,31,14,19417,81,1,1,1,16,1,Medium
Design,Medium,42,8,52852,50,1,1,0,9,2,Medium
Supplier,Low,37,13,122868,93,0,0,0,8,7,Medium
Design,Low,39,9,65189,48,0,0,0,17,3,Low
Process,Medium,22,0,103378,51,1,1,0,9,6,Medium
Design,Low,53,10,112366,8,0,1,0,17,1,High
Process,Low,5,0,5060,32,0,1,0,4,0,Low
Software,Critical,7,12,139755,89,1,0,0,17,7,Medium
Software,Medium,51,5,50671,12,0,0,0,19,2,Medium
Design,Critical,5,2,119114,28,0,0,0,15,0,Low
Documentation,Critical,12,3,70273,93,1,0,0,17,2,Low
Design,Low,11,10,86756,105,0,0,0,14,3,Low
Design,High,2,12,54412,51,1,0,0,12,4,Low
Supplier,Medium,7,8,128056,50,0,1,0,15,8,Low
Material,High,34,2,18053,62,0,1,0,19,1,Low
Documentation,Low,40,13,134469,92,0,0,0,12,6,Low
Software,Low,5,11,31498,57,1,1,0,13,2,Low
Material,Low,56,6,132532,22,1,1,0,1,4,High
Documentation,Medium,6,8,4171,52,1,1,0,19,2,Low
Design,Critical,41,14,2558,32,0,1,0,15,3,Medium
Supplier,High,48,5,14415,82,1,1,0,3,5,Medium
Design,High,31,0,82406,18,0,0,0,5,5,Low
Documentation,Critical,30,2,40311,73,1,0,0,4,1,Low
Design,High,7,9,89885,17,1,0,0,6,1,Medium
Design,Low,15,14,123085,116,0,1,1,17,2,Medium
Material,High,51,11,4558,77,0,1,0,9,8,Medium
Documentation,Medium,21,9,79232,18,0,1,0,8,3,Low
Documentation,Low,3,4,111022,115,1,0,0,15,5,Low
Software,Medium,44,6,63962,69,1,1,0,7,4,Medium
Documentation,Critical,41,0,138794,73,0,1,0,17,3,Low
Documentation,Medium,4,5,99493,9,1,0,0,15,0,Low
Supplier,Medium,4,9,5662,24,1,1,0,5,4,Low
Material,Low,7,13,81455,97,0,1,0,12,9,Low
Software,Low,4,13,57901,57,1,1,1,9,9,Medium
Process,Low,37,12,20161,74,0,1,0,6,3,Low
Material,High,8,0,142585,118,0,1,0,18,5,Low
Design,High,36,12,33782,52,0,0,0,7,2,Low
Software,Low,11,3,12963,46,0,1,0,2,9,Low
Design,Medium,58,9,33767,96,0,1,0,8,5,Medium
Documentation,Low,43,14,123544,9,0,1,0,10,9,Medium
Design,Low,23,13,90192,55,0,0,0,2,8,Low
Design,Medium,26,9,123085,102,1,1,0,14,3,Medium
Documentation,High,4,4,69512,28,0,0,0,4,4,Low
Design,Medium,4,7,17988,37,1,0,0,1,5,Low
Design,Medium,32,10,58443,57,0,1,0,10,2,Medium
Process,Medium,2,7,30365,10,0,0,1,3,8,Low
Documentation,Low,38,6,83717,10,1,0,0,15,5,Low
Design,Low,23,6,40779,31,0,1,0,1,2,Low
Material,Critical,9,8,145532,107,1,1,0,8,4,Medium
Software,High,32,0,56892,28,1,1,0,1,8,Low
Documentation,Critical,33,14,47471,88,0,1,0,7,4,Medium
Supplier,Critical,45,1,147682,52,1,0,0,18,7,Medium
Design,Medium,12,14,78269,91,0,0,0,13,9,Low
Design,Critical,33,0,25987,40,1,1,0,10,3,Medium
Design,Medium,50,7,72315,105,0,0,0,3,9,Low
Design,Low,16,6,38576,45,0,0,0,6,4,Low
Process,Low,50,8,107638,95,1,0,1,7,5,High
Design,Low,43,6,86268,100,0,0,0,11,7,Low
Supplier,Low,26,13,109678,52,1,0,0,4,0,Medium
Process,Medium,53,0,141050,80,1,1,0,19,7,Medium
Process,High,58,14,109496,15,1,1,0,13,5,High
Design,High,14,10,51414,60,0,1,0,6,6,Low
Software,Medium,58,11,30627,46,1,0,0,2,9,Medium
Process,Low,1,2,79640,114,0,1,0,11,4,Low
Software,High,8,0,67639,112,0,1,0,8,9,Low
Design,Medium,3,5,47301,94,0,1,0,13,5,Low
Design,Low,22,4,121770,113,0,0,0,11,2,Low
Documentation,Medium,56,11,136450,117,0,1,0,12,6,Medium
Material,Medium,36,13,57538,92,0,0,0,16,1,Medium
Material,Medium,37,6,102292,72,1,1,0,10,8,Medium
Supplier,High,6,11,147646,26,0,1,0,14,1,High
Process,High,31,0,2277,98,0,0,0,7,4,Low
Documentation,High,23,11,55035,24,0,0,0,18,8,Low
Design,Low,29,1,110805,23,1,0,0,8,0,Medium
Documentation,High,16,10,74901,105,1,1,0,13,4,Low
Design,High,12,5,118887,15,0,0,0,19,5,Low
Supplier,Low,57,6,71441,18,0,1,0,6,3,Medium
Process,Medium,33,4,10127,62,1,1,0,2,6,Low
Design,Medium,25,6,65332,70,1,1,0,4,3,Medium
Design,Medium,5,13,60973,7,1,0,0,4,3,Low
Material,Low,45,12,126921,46,0,0,1,1,2,High
Documentation,Medium,28,5,22528,28,0,1,0,10,6,Low
Process,Low,23,4,23713,37,0,0,0,5,8,Low
Documentation,Low,40,7,21654,23,0,0,0,1,1,Low
Software,Low,8,10,85365,81,1,1,1,2,4,High
Supplier,Critical,32,2,149336,57,1,0,0,5,2,High
Software,Medium,51,10,92980,115,0,0,0,7,2,Medium
Design,Medium,28,14,122535,2,1,1,0,19,9,High
Design,Medium,1,12,127757,93,0,1,0,14,7,Low
Documentation,High,14,8,90290,109,1,0,0,14,9,Low
Software,Medium,4,4,91575,59,0,1,0,13,6,Low
Design,Critical,30,4,36838,84,1,1,0,16,6,Medium
Supplier,Medium,22,11,144023,54,1,1,1,6,7,High
Process,Low,8,6,118280,72,0,1,1,1,6,Medium
Documentation,Medium,41,1,130889,109,0,1,1,10,8,Low
Process,Medium,11,10,147564,64,1,0,0,0,3,High
Material,High,21,2,52636,70,1,1,0,4,1,Medium
Material,High,59,14,21990,118,0,1,0,15,4,High
Material,Medium,4,6,129056,60,1,0,0,10,0,Medium
Process,Critical,15,5,71207,22,0,0,0,13,0,Low
Documentation,Medium,19,0,143792,82,1,1,0,10,0,Low
Supplier,Medium,31,2,104326,83,1,1,1,10,0,High
Design,Medium,15,14,38950,29,0,1,0,6,7,Low
Design,Low,58,8,53545,87,0,1,0,4,5,Medium
Software,High,1,13,91726,9,1,0,0,5,9,Medium
Software,Low,56,14,59451,39,1,0,0,15,2,High
Design,Medium,32,0,42629,102,0,1,0,19,3,Low
Design,Medium,3,5,31869,74,1,1,0,1,4,Low
Process,Low,7,12,97610,73,1,0,0,10,7,Low
Design,Low,7,7,5759,75,0,1,0,9,9,Low
Documentation,High,17,7,14499,21,1,0,1,11,7,Low
Material,Low,20,8,6858,115,0,0,0,4,5,Low
Design,Medium,38,10,110261,37,0,1,0,0,9,Medium
Documentation,Medium,19,14,4883,94,0,0,0,4,1,Low
Design,Low,43,13,63263,118,0,1,0,3,4,Medium
Design,Low,18,9,18638,30,0,1,0,1,2,Low
Design,High,16,8,88302,76,1,0,0,7,1,Medium
Design,Critical,17,5,5644,6,0,0,0,13,3,Low
Design,Low,20,1,4366,77,1,1,0,19,7,Low
Design,Critical,50,10,61945,54,0,0,0,13,3,Medium
Design,Medium,15,0,104468,10,1,0,0,3,8,Low
Design,Medium,17,10,16888,81,1,0,0,7,6,Low
Process,High,57,7,74650,116,0,0,0,6,7,Medium
Process,High,39,11,121643,11,0,0,0,4,2,High
Material,High,12,14,93975,107,1,0,1,19,8,High
Material,Medium,52,8,112669,101,0,0,0,13,2,Medium
Supplier,Medium,11,8,47692,66,1,1,0,9,3,Medium
Documentation,Medium,10,7,141332,108,1,1,1,8,7,Medium
Documentation,Low,27,5,22300,38,1,0,1,6,6,Low
Design,High,41,1,90994,86,0,0,0,8,2,Low
Design,Low,12,0,65596,84,0,0,0,12,2,Low
Design,Medium,45,10,5246,70,1,0,1,18,4,Medium
Design,Low,10,13,141624,100,1,1,0,9,4,Medium
Process,Low,47,0,105485,105,1,0,0,3,0,Medium
Material,Medium,6,4,34555,94,1,0,0,19,2,Low
Design,Medium,28,9,8327,71,0,0,1,6,1,Low
Material,Medium,38,10,101537,117,0,0,0,1,1,High
Supplier,Low,16,11,81991,67,1,0,0,10,3,Medium
Design,Medium,37,10,7951,77,0,0,0,15,0,Low
Documentation,Medium,41,1,147919,24,1,0,0,5,6,Low
Design,High,39,3,107855,39,0,1,0,5,6,Medium
Documentation,Medium,24,7,69667,108,0,1,0,5,2,Medium
Design,Medium,46,0,36146,60,0,1,0,16,8,Low
Documentation,Medium,44,5,41021,62,1,1,1,19,5,Medium
Documentation,Critical,20,5,68001,98,1,1,0,16,3,Low
Documentation,High,44,14,9044,40,1,1,0,4,1,Medium
Software,Medium,55,4,55479,33,0,0,0,16,4,Low
Software,Medium,49,14,33009,3,0,1,0,6,9,High
Process,Low,44,10,17369,29,1,0,1,17,0,Medium
Software,Critical,46,10,19322,62,1,1,0,19,0,Medium
Design,Medium,48,12,52164,87,0,1,0,14,4,Medium
Supplier,Medium,18,12,57698,40,0,0,0,19,9,Low
Supplier,Critical,43,3,52843,54,1,0,0,2,2,Medium
Documentation,High,12,6,103649,28,0,0,0,13,7,Low
Supplier,Low,22,7,78554,98,1,0,0,1,5,Low
Material,Low,56,14,29310,63,0,0,0,13,1,High
Process,Low,17,0,145866,18,1,0,0,6,9,Low
Design,Medium,50,7,109650,73,1,1,0,19,1,High
Design,Low,25,3,70767,41,1,0,0,9,5,Low
Supplier,Critical,13,3,7850,104,1,1,0,15,6,Low
Material,Critical,6,11,137206,33,0,0,1,6,6,Medium
Design,Medium,33,3,111804,104,0,1,0,1,8,Medium
Material,Medium,27,11,69502,84,1,1,0,14,7,Medium
Material,Medium,31,14,24682,17,0,0,0,4,6,Medium
Material,Low,3,11,16577,91,1,0,0,14,1,Low
Material,High,16,2,43836,87,1,1,0,9,3,Low
Process,Low,1,2,34907,55,0,1,0,19,3,Low
Design,Low,18,6,31792,20,0,0,0,7,3,Low
Documentation,Medium,55,8,61423,58,1,0,0,8,1,Medium
Documentation,Low,9,11,7465,73,0,1,0,14,0,Low
Supplier,Medium,41,6,49142,17,0,1,0,15,4,Medium
Material,High,1,2,130719,42,0,0,0,2,7,Low
Supplier,High,34,14,129941,84,1,1,0,14,8,High
Documentation,Medium,55,13,1757,67,1,1,1,9,9,High
Process,High,21,9,101957,119,0,1,0,19,4,Medium
Software,Medium,12,10,148668,27,1,0,0,12,8,Medium
Supplier,High,34,14,86957,93,1,0,0,15,4,High
Process,Medium,17,7,58856,52,0,1,0,6,4,Low
Design,Low,53,2,73938,28,0,1,0,5,2,Low
Software,Critical,51,9,32379,114,0,1,0,15,6,Medium
Design,Medium,39,6,59891,75,0,0,0,0,3,Low
Process,Low,38,11,140572,65,0,1,0,11,4,High
Documentation,Low,36,11,92022,36,0,1,0,19,9,Low
Design,Medium,44,7,64916,106,1,1,0,19,5,Medium
Process,Medium,28,5,19128,5,1,1,0,14,3,Medium
Design,Medium,58,6,135980,15,1,0,0,9,6,High
Software,High,21,9,24798,23,0,1,0,16,7,Low
Design,Medium,1,9,108379,79,0,0,1,0,6,Low
Documentation,Medium,42,7,45815,14,1,1,0,15,0,Medium
Design,Medium,40,7,42153,96,0,1,0,3,2,Low
Documentation,High,58,14,26092,25,1,1,1,14,1,High
Software,Low,24,3,56574,81,1,0,0,6,9,Low
Process,Low,26,2,101726,95,1,1,0,15,3,Medium
Software,Medium,34,11,62787,105,0,1,0,12,4,Medium
Software,High,24,14,4202,36,0,0,1,18,9,Low
Documentation,High,47,9,39968,10,0,0,0,15,9,Low
Design,Medium,26,6,24446,91,1,0,0,18,2,Low
Process,High,47,5,60561,54,0,0,0,3,8,Medium
Design,Medium,26,7,135439,113,1,1,0,7,7,Medium
Process,Low,14,0,144430,24,1,1,0,8,6,Low
Design,Low,59,7,149632,69,0,1,0,0,1,High
Supplier,Low,32,4,17344,16,0,1,1,0,6,Medium
Process,Medium,42,3,73394,59,0,0,0,0,6,Low
Supplier,Medium,35,8,7314,2,0,1,0,15,4,Medium
Supplier,Medium,22,14,74557,90,1,0,0,8,5,Medium
Software,Medium,58,3,86713,73,1,0,0,15,2,Medium
Software,Medium,22,13,116123,13,0,1,0,16,6,Medium
Supplier,High,59,7,50795,60,1,1,0,0,1,High
Process,High,26,14,5910,52,0,0,0,16,2,Low
Documentation,Medium,2,5,68396,81,0,0,0,4,4,Low
Design,Medium,3,14,64339,60,0,0,0,8,1,Low
Design,Medium,58,9,93818,56,0,0,0,19,9,Medium
Design,Medium,32,10,15424,100,1,0,1,6,8,Medium
Process,Medium,23,8,92171,63,1,0,0,18,4,Low
Material,Medium,48,6,60438,98,1,0,1,10,5,High
Software,High,37,7,110984,106,0,0,0,0,2,Medium
Process,Medium,39,12,147581,102,1,1,0,16,2,High
Material,Low,41,11,34529,114,1,0,0,0,9,Medium
Documentation,Medium,12,0,113168,84,1,0,0,12,4,Low
Software,High,6,10,19590,68,1,1,1,9,9,Low
Design,Low,43,12,147764,64,0,0,0,2,0,High
Material,High,2,11,72406,26,0,1,1,10,1,High
Material,Low,43,7,112034,99,0,1,0,7,4,Medium
Design,Medium,8,5,116737,83,0,1,0,1,7,Low
Design,Medium,16,10,91412,105,0,0,0,11,4,Low
Documentation,Low,42,9,57966,84,0,0,1,0,8,Medium
Material,Critical,37,5,113256,58,0,0,0,10,1,Medium
Material,Medium,47,6,71707,36,0,0,0,4,8,Low
Software,Critical,37,5,99034,118,0,0,1,16,4,Medium
Supplier,Medium,3,0,92181,88,0,1,0,19,2,Low
Documentation,High,50,0,69877,105,1,0,0,18,6,Low
Software,Critical,13,1,18001,71,0,1,1,18,7,Low
Supplier,Medium,9,6,44235,62,0,1,0,2,9,Low
Material,Low,52,7,140701,6,1,0,0,10,0,High
Documentation,High,12,6,78266,10,0,0,0,4,7,Low
Process,Medium,32,14,95593,85,1,1,0,1,3,High
Documentation,Critical,29,3,39144,28,0,0,0,7,5,Low
Design,Medium,46,5,106014,11,0,1,0,8,4,High
Documentation,Medium,3,3,73258,93,0,0,0,5,7,Low
Process,Low,7,4,33202,75,0,0,0,2,3,Low
Design,High,25,8,22347,15,0,0,0,8,2,Medium
Process,Critical,28,4,59553,60,1,0,1,3,4,Medium
Process,Low,47,4,85026,57,0,0,0,0,6,Low
Design,High,36,10,42384,2,1,1,0,9,8,High
Supplier,Critical,9,12,37169,73,0,0,1,1,0,Medium
Documentation,Low,58,3,40806,48,1,1,0,19,5,Low
Design,Low,28,1,44394,105,1,0,0,16,0,Low
Supplier,High,57,3,110981,15,1,0,1,18,6,High
Material,Medium,59,8,75104,101,1,0,0,2,6,Medium
Material,Low,4,14,70632,2,1,0,0,9,8,Medium
Documentation,High,30,2,24797,92,1,1,0,16,1,Low
Software,Medium,25,0,81911,94,0,0,0,11,7,Low
Design,Critical,30,7,144375,50,1,0,0,6,6,High
Documentation,High,19,14,111954,35,0,1,0,16,6,Low
Documentation,High,33,8,67318,18,1,0,1,6,6,High
Design,Medium,30,13,46392,42,0,1,0,19,5,Low
Documentation,Medium,11,9,53165,81,1,1,0,2,0,Medium
Design,Medium,18,0,4515,87,0,1,0,14,8,Low
Documentation,Low,9,6,4864,23,1,0,0,0,3,Low
Process,High,50,11,116564,3,0,0,1,18,1,High
Process,Low,40,7,126566,68,1,1,0,7,6,High
Design,Medium,23,2,145298,70,0,0,0,0,9,Low
Documentation,Low,24,2,94062,117,0,0,0,16,7,Low
Design,Medium,5,9,139413,91,0,1,0,19,2,Medium
Design,Low,18,6,62752,66,0,0,0,18,8,Low
Design,Medium,55,8,38485,71,0,1,0,9,8,Low
Software,High,2,5,37207,78,0,1,0,1,3,Low
Design,Low,9,5,35877,55,0,1,0,4,5,Low
Documentation,High,50,9,111898,81,0,0,0,0,8,Medium
Process,High,31,0,1985,25,1,1,0,0,1,Low
Design,Medium,2,6,141848,99,1,0,0,3,3,Low
Design,High,29,5,116334,103,0,1,0,11,4,Low
Design,Medium,45,11,57431,53,0,1,0,15,0,Medium
Process,Low,21,10,105427,55,0,0,0,11,1,Low
Software,Medium,23,6,20663,60,1,1,0,4,6,Low
Design,Low,38,3,64993,98,1,1,1,12,2,Medium
Documentation,High,36,3,16824,22,1,0,0,4,2,Low
Design,Critical,54,3,17258,42,0,0,0,9,2,Low
Software,High,15,4,1451,74,0,1,0,17,1,Low
Documentation,Medium,17,11,119473,83,0,0,0,2,6,Low
Software,Medium,10,0,111721,36,0,0,0,17,2,Low
Process,Critical,40,0,133999,15,1,0,1,5,6,High
Documentation,Low,32,8,147218,61,0,1,0,13,8,Low
Design,Low,21,3,144736,77,0,1,0,5,4,Medium
Design,Medium,42,12,148926,92,0,0,0,3,9,High
Design,Medium,23,11,2870,2,0,0,0,9,1,Low
Supplier,Medium,12,11,117737,4,1,1,0,7,9,High
Software,Low,32,6,108621,47,1,0,1,10,3,Medium
Process,Medium,26,6,24746,68,1,0,0,4,3,Low
Documentation,Medium,24,6,20953,2,0,1,0,19,9,Low
Design,Low,27,2,146667,22,1,1,1,13,4,High
Software,Low,54,8,132439,51,0,0,0,16,7,Medium
Design,Medium,13,12,49508,34,1,0,0,15,8,Low
Design,High,17,3,11677,85,0,0,1,14,4,Low
Process,Medium,34,0,50376,6,1,1,0,2,3,High
Documentation,High,3,8,1295,106,0,1,0,11,4,Low
Process,High,9,5,103256,21,1,1,0,17,3,Medium
Design,Medium,34,11,57333,53,1,0,1,1,4,High
Process,High,31,12,7832,118,0,1,0,9,2,Medium
Design,High,39,14,146968,80,1,0,0,3,9,High
Documentation,Medium,7,5,123952,119,0,1,0,15,5,Low
Process,Low,51,13,135757,4,0,1,1,18,7,High
Design,Low,29,1,149595,86,0,0,0,1,6,Low
Design,Critical,10,5,2618,10,1,1,0,16,3,Medium
Design,High,19,3,116372,74,1,1,1,7,3,Medium
Documentation,Critical,14,13,118235,40,0,1,0,19,9,Low
Supplier,Critical,27,9,117360,93,1,0,0,0,0,High
Software,Low,28,5,40125,16,1,0,0,3,2,Low
Process,High,26,2,58851,107,1,1,0,14,7,Low
Process,Medium,28,11,139406,58,0,1,0,15,5,Medium
Design,High,54,9,10355,63,1,1,0,1,6,Medium
Documentation,Low,57,12,96341,69,1,0,0,3,0,High
Material,Medium,29,6,119003,6,1,0,0,6,2,Medium
Process,High,57,2,119807,38,1,0,0,0,5,High
Process,High,49,5,89775,85,0,0,0,15,3,Medium
Process,Medium,49,9,115146,115,1,1,1,13,4,High
Documentation,Medium,14,3,136446,118,0,1,0,14,9,Low
Design,Medium,26,1,114995,65,0,0,0,9,6,Low
Supplier,Critical,21,12,17836,32,1,1,0,12,6,Medium
Material,Medium,6,7,37058,58,1,0,0,11,1,Low
Supplier,Medium,5,5,46115,56,1,1,0,13,5,Low
Design,Medium,37,8,51792,48,0,1,0,9,9,Low
Design,Medium,25,11,54418,44,1,1,1,13,6,Medium
Design,Medium,49,0,33369,104,1,0,0,12,7,Low
Material,Medium,40,6,102650,48,0,0,0,12,9,Low
Material,High,6,3,16980,5,1,0,0,17,9,Low
Process,Critical,50,1,118267,87,1,1,0,6,3,High
Process,Critical,30,0,98967,80,0,0,0,17,2,Low
Material,Medium,34,6,144172,46,1,1,0,0,2,High
Material,Medium,57,8,1477,76,0,1,0,9,7,Low
Design,High,38,7,44663,113,1,1,0,8,3,Medium
Process,High,2,11,134801,111,1,1,0,17,8,Medium
Material,Medium,11,6,74298,95,0,1,0,0,8,Low
Design,High,26,8,84357,70,0,1,0,4,6,Low
Material,High,3,12,4829,5,1,1,0,9,1,High
Supplier,High,10,9,114435,62,1,1,0,16,7,Medium
Design,High,47,13,38321,98,1,1,0,9,2,High
Process,Low,9,3,144487,101,0,1,0,12,5,Low
Supplier,Medium,10,11,56413,93,1,1,1,3,2,High
Process,Medium,30,10,28699,118,0,1,0,18,0,Low
Process,Low,6,8,89274,62,1,1,0,15,6,Low
Process,High,16,0,71875,14,0,0,1,0,4,Low
Material,Medium,56,8,70891,60,1,1,0,14,6,Medium
Software,Low,38,12,142502,39,1,1,0,2,4,High
Supplier,High,57,9,54989,100,1,0,0,11,3,High
Material,High,21,0,59956,93,0,1,0,14,0,Low
Process,High,37,4,93799,52,1,0,0,18,2,Medium
Material,Medium,15,8,25976,47,1,1,0,1,8,Low
Supplier,High,23,12,124378,20,0,1,0,5,7,High
Software,Medium,11,6,34869,7,1,1,0,13,4,Medium
Documentation,Medium,50,12,36631,38,0,1,1,5,0,High
Documentation,Low,11,11,2102,30,1,1,0,14,9,Low
Supplier,Medium,13,4,51759,33,0,1,1,3,7,Medium
Supplier,High,28,2,87615,119,1,1,0,3,0,High
Software,Medium,26,13,105886,82,1,1,0,10,2,High
Material,Medium,19,8,134832,67,1,1,1,13,1,High
Documentation,High,22,12,116802,23,0,0,0,4,9,Low
Supplier,High,18,13,48492,101,0,1,0,17,9,Low
Design,Medium,54,6,123896,78,0,0,0,17,4,Medium
Design,Critical,35,0,29586,62,0,0,0,1,1,Low
Documentation,High,55,13,31795,56,1,1,0,6,6,Medium
Design,Critical,59,8,54030,67,1,1,1,11,2,High
Design,Critical,39,1,81120,101,1,1,0,9,1,Medium
Material,Critical,49,7,30867,86,1,0,0,5,2,Medium
Design,High,7,0,135051,59,0,0,0,10,2,Low
Material,Medium,57,4,40905,80,1,1,0,19,0,Medium
Software,Low,29,5,59096,111,0,0,0,6,7,Low
Design,Medium,43,6,90947,40,1,0,0,4,3,High
Documentation,High,15,8,64767,108,1,0,0,14,5,Low
Documentation,Medium,6,12,60881,73,1,1,0,11,5,Low
Material,High,53,5,147731,23,0,0,0,13,7,Medium
Design,Low,27,11,65663,116,1,0,0,12,7,Low
Process,Medium,9,14,17401,82,0,1,0,15,5,Low
Design,Medium,39,11,109674,47,1,1,0,14,8,High
Material,Medium,4,3,105987,27,0,0,0,12,5,Low
Documentation,Low,27,10,33231,110,0,0,0,9,0,Low
Documentation,Low,42,4,127602,99,0,0,0,9,8,Low
Software,High,43,7,59094,7,0,0,0,5,7,Medium
Material,Medium,27,9,23043,77,1,1,0,8,4,Medium
Process,Low,22,4,26281,15,1,0,1,12,3,Low
Process,Low,50,0,107310,36,0,1,1,14,8,Low
Material,Medium,11,12,32797,69,0,0,0,15,4,Low
Process,Low,5,10,70725,31,1,1,1,7,3,Medium
Design,High,10,1,110248,62,1,0,0,14,7,Low
Design,High,48,5,128007,52,0,0,0,8,3,Medium
Supplier,Low,28,3,73702,70,0,1,0,7,4,Low
Design,Medium,3,14,136164,96,0,0,0,3,7,Low
Design,Low,10,14,45741,20,0,1,0,5,2,Low
Documentation,Medium,2,10,130936,95,0,0,1,13,0,Low
Documentation,High,49,6,37922,28,1,1,0,4,3,Medium
Supplier,Medium,28,0,10125,5,1,1,0,1,1,Medium
Documentation,High,5,3,108938,54,0,1,0,5,3,Low
Documentation,Low,14,1,113649,37,0,0,0,19,0,Low
Design,Medium,37,11,138985,23,1,0,0,2,5,High
Material,Medium,36,1,138268,51,0,1,0,2,5,Medium
Material,Medium,49,10,15785,104,0,1,0,8,2,Medium
Design,Critical,2,14,93391,71,0,1,0,7,6,Medium
Software,Low,5,4,105812,87,0,1,0,18,1,Low
Material,High,3,10,90330,19,1,1,0,4,0,High
Supplier,High,24,13,3295,10,0,1,0,8,4,High
Design,Medium,43,6,7228,41,0,0,0,5,1,Low
Design,Medium,40,6,100746,93,0,0,0,4,8,Low
Documentation,Medium,13,3,128476,106,1,0,0,6,3,Low
Design,Medium,39,6,27289,14,1,1,0,5,4,Medium
Design,High,39,13,7437,58,1,1,0,14,2,Medium
Design,Medium,12,9,60899,48,0,0,1,15,4,Low
Supplier,Critical,45,3,47369,89,1,0,0,3,0,Medium
Process,Medium,25,7,147444,26,1,0,0,9,9,Medium
Supplier,Medium,4,10,138916,59,1,1,1,5,1,High
Design,High,24,1,83937,102,1,0,0,17,3,Low
Design,Medium,46,11,142486,56,0,0,1,2,8,High
Documentation,Critical,42,3,34707,94,1,0,0,8,4,Low
Process,Low,16,4,148789,75,1,1,1,6,7,High
Process,Critical,45,6,67326,72,1,1,0,7,0,High
Process,High,23,7,71722,32,1,1,0,18,2,Medium
Software,High,28,13,8058,119,1,1,0,10,7,Medium
Design,Medium,6,3,27025,31,0,0,0,7,2,Low
Material,High,59,3,29565,111,1,0,0,16,4,Low
Supplier,Medium,50,5,73447,118,1,1,0,15,0,High
Material,High,12,12,28874,62,0,1,0,2,5,Medium
Documentation,Low,34,14,15795,104,0,1,1,9,3,Medium
Supplier,Medium,47,6,90964,86,0,1,0,8,8,Medium
Software,Medium,30,10,130944,89,1,1,0,8,3,Medium
Documentation,Medium,13,13,10959,10,0,1,0,6,8,Low
Supplier,Medium,58,12,84300,18,1,0,0,16,9,High
Documentation,High,16,10,144063,10,0,0,1,19,8,Medium
Process,Medium,20,8,60973,5,1,0,0,0,7,Medium
Documentation,High,22,14,27852,100,1,0,0,17,5,Low
Material,Low,53,3,12389,22,0,1,0,17,4,Low
Supplier,High,30,5,140481,2,0,1,0,7,0,High
Supplier,High,43,10,61083,112,1,0,0,9,1,High
Design,Medium,54,0,16221,34,0,1,0,2,3,Low
Material,High,55,7,129995,98,1,1,0,7,6,High
Documentation,Critical,51,12,120400,115,1,1,0,4,0,High
Process,High,54,2,105659,63,0,0,0,18,9,Low
Design,Medium,56,12,13111,111,1,0,0,2,9,Medium
Material,Medium,59,6,12827,116,1,1,0,6,0,High
Design,High,38,12,33220,19,0,0,0,9,0,Medium
Design,Medium,8,9,24406,19,1,0,0,19,8,Low
Documentation,High,7,2,80011,45,0,1,0,16,1,Low
Material,Medium,47,11,59150,67,1,1,0,18,1,High
Material,High,19,0,114914,94,0,0,0,6,1,Low
Process,Low,48,3,15655,23,1,0,0,5,7,Low
Design,Low,56,13,109329,24,1,1,0,11,1,High
Design,Critical,39,13,140139,38,0,0,0,6,1,High
Process,High,46,0,20022,34,0,1,0,0,3,Medium
Process,High,17,5,98017,112,0,0,0,16,6,Low
Documentation,Critical,26,1,76596,48,0,0,0,1,9,Low
Process,Medium,57,4,14676,104,0,1,0,3,2,Medium
Supplier,Medium,49,14,44277,8,1,0,0,18,2,High
Software,Low,13,2,118314,14,0,0,0,14,5,Low
Documentation,Medium,56,9,130416,96,1,1,0,12,4,High
Software,Low,30,12,55576,31,0,1,0,2,6,Medium
Documentation,Critical,50,13,16425,11,1,0,0,5,2,High
Software,Low,31,5,37108,72,1,0,0,4,6,Low
Documentation,Low,36,10,126593,19,1,0,0,12,9,Medium
Design,Low,10,7,85712,9,0,1,0,10,6,Low
Software,Low,20,1,64857,49,1,1,0,7,7,Low
Material,Low,43,3,2499,66,1,1,0,14,0,Low
Supplier,High,50,11,117513,64,0,0,0,15,9,Medium
Process,Medium,6,10,70076,70,0,0,0,14,7,Low
Documentation,Medium,5,7,82016,4,1,0,0,2,6,Low
Documentation,High,41,11,126648,36,0,0,0,12,1,Medium
Design,Medium,27,10,84578,42,0,0,0,4,5,Low
Software,High,51,5,139244,36,1,0,0,5,6,Medium
Software,Medium,5,4,84153,67,1,0,1,19,6,Low
Material,Low,21,14,51711,29,1,1,0,8,1,Medium
Design,Medium,3,14,138441,76,1,0,0,15,0,Medium
Design,Critical,42,0,96544,112,0,1,0,4,4,Low
Software,Medium,51,11,114181,79,0,0,1,19,7,Medium
Supplier,Medium,10,1,34410,47,1,0,0,5,3,Low
Documentation,Medium,20,12,100822,53,1,1,0,3,6,Medium
Supplier,High,50,8,84251,71,0,1,0,6,9,Medium
Documentation,High,3,10,16226,87,0,1,0,3,8,Low
Material,Medium,57,10,38477,37,0,1,0,11,6,Medium
Software,High,53,9,136791,6,0,0,0,2,7,High
Design,High,10,3,85917,84,0,1,0,4,0,Low
Supplier,Medium,9,12,116258,80,1,1,0,14,0,Medium
Software,Low,41,8,26172,13,1,1,0,0,7,Medium
Documentation,Low,1,8,33069,75,1,1,0,8,8,Low
Documentation,Critical,30,4,141214,10,0,1,0,13,1,High
Design,Medium,4,0,63315,77,0,1,0,8,5,Low
Material,Medium,32,8,133094,89,1,1,1,0,2,High
Design,Medium,21,5,121346,3,1,0,0,3,1,Medium
Design,Low,42,9,50869,87,1,1,1,19,3,Medium
Process,High,52,5,142451,16,0,1,0,15,4,High
Process,Low,29,14,116611,33,0,0,0,7,7,Medium
Software,High,38,10,19588,85,1,0,0,17,8,Low
Documentation,Medium,36,6,14777,43,1,1,0,0,9,Low
Software,Medium,59,10,19432,117,1,0,0,0,1,High
Software,Low,14,9,111183,114,0,1,0,17,9,Low
Design,High,15,9,21906,118,0,0,0,13,5,Low
Design,Low,23,8,42727,14,0,1,0,11,1,Low
Process,Low,44,13,65446,22,0,1,0,6,6,Medium
Documentation,High,52,4,20778,23,0,0,0,16,0,Low
Design,Medium,17,6,49899,71,1,0,0,12,4,Low
Supplier,Medium,7,3,101889,52,0,1,0,8,8,Low
Process,Low,36,8,145830,90,1,0,0,7,9,Medium
Design,High,36,14,70736,35,0,0,0,7,2,Medium
Material,Medium,23,9,112134,25,1,1,0,11,1,High
Documentation,Low,11,3,79755,78,0,1,0,13,5,Low
Process,Medium,51,13,70213,74,0,0,1,16,1,High
Design,Low,50,11,78319,83,1,0,0,8,9,Medium
Documentation,Medium,45,6,143802,38,1,1,0,5,3,High
Material,Low,35,2,9387,64,0,1,0,11,1,Low
Documentation,Low,16,6,77250,111,1,0,0,11,2,Low
Design,Medium,24,12,8181,74,0,0,0,5,3,Low
Process,High,5,8,131316,112,1,0,0,1,7,Medium
Material,Low,15,2,90374,53,1,0,0,6,8,Low
Design,Low,27,2,7564,7,1,1,1,1,7,Medium
Documentation,Critical,26,14,93767,91,0,0,0,1,6,Medium
Design,High,5,6,65640,56,0,1,1,19,2,Low
Design,High,57,10,7552,6,1,0,0,15,9,High
Material,Low,16,5,146750,18,0,1,0,0,9,Medium
Process,Medium,31,1,57076,38,1,0,0,6,6,Low
Software,Low,28,6,4056,24,0,1,0,5,7,Low
Documentation,Low,28,10,92121,82,0,1,1,19,3,Low
Design,Medium,50,5,56606,74,0,0,0,8,4,Medium
Material,Medium,45,9,98673,40,0,1,0,5,8,Medium
Design,Medium,52,6,24772,11,0,0,0,12,4,Low
Process,Medium,23,5,124327,11,0,1,0,9,7,Medium
Documentation,Medium,16,3,63290,113,0,1,0,3,8,Low
Process,Medium,26,3,63399,42,0,1,0,6,9,Low
Process,High,34,3,120661,14,1,1,0,2,2,High
Material,High,20,10,82464,85,1,0,0,13,4,Medium
Documentation,Medium,28,5,701,104,1,0,0,19,3,Low
Supplier,Medium,9,11,86994,16,1,1,0,16,5,Medium
Design,Medium,35,4,97065,113,0,0,0,7,7,Low
Material,Low,43,4,47150,87,1,1,0,9,3,Medium
Design,High,32,13,27523,31,1,1,0,1,2,Medium
Design,Low,52,13,8546,93,0,0,0,7,2,Medium
Design,Medium,59,6,127012,51,1,1,0,0,7,High
Supplier,Medium,54,4,1131,76,1,1,0,14,9,Medium
Process,Low,6,10,87726,16,1,0,0,18,1,Medium
Material,Low,52,1,125500,30,0,1,0,3,9,Medium
Material,Medium,20,6,53142,93,1,0,1,13,0,Medium
Documentation,Critical,27,8,30434,97,1,1,0,11,5,Low
Software,Medium,25,10,107385,3,1,1,0,8,1,High
Supplier,Medium,17,1,94723,27,1,1,1,14,9,Medium
Design,Low,52,0,2726,73,1,0,0,13,7,Low
Documentation,Medium,38,4,86768,108,0,0,0,5,3,Low
Design,Low,58,1,557,81,1,0,0,15,6,Low
Material,Medium,57,7,60245,85,0,1,0,13,8,Medium
Documentation,High,25,13,45956,47,0,1,1,6,2,Medium
Supplier,Medium,43,4,125107,8,0,0,0,14,6,Medium
Software,Medium,30,6,146603,92,1,0,1,12,2,High
Process,Low,30,3,104911,96,1,1,0,2,7,Low
Process,Low,44,0,110296,54,1,0,0,3,5,Medium
Design,Medium,41,10,3899,61,0,0,0,6,7,Low
Design,High,54,3,10065,29,1,1,1,0,6,High
Material,Low,46,8,116615,55,1,0,1,8,6,High
Design,Medium,37,10,64519,30,1,1,0,9,0,High
Documentation,High,55,12,76296,51,1,0,0,15,8,Medium
Design,Low,7,2,103953,17,0,1,0,3,1,Low
Supplier,Low,46,8,52379,73,0,0,0,11,3,Medium
Software,Medium,24,13,102436,31,1,1,0,13,5,High
Software,High,26,7,109169,87,1,0,1,8,8,High
Material,Medium,47,0,36436,63,0,1,0,18,6,Low
Supplier,High,17,3,103066,107,0,0,0,6,1,Low
Documentation,High,53,11,25826,28,1,0,1,8,2,High
Process,High,30,11,46932,34,0,1,0,0,1,Medium
Software,Critical,21,4,117132,30,0,0,0,8,5,Low
Documentation,High,20,2,147464,76,1,1,0,0,7,Medium
Software,High,25,4,10162,14,0,1,0,19,7,Low
Design,High,56,3,97481,82,0,0,0,4,7,Medium
Supplier,High,7,11,85678,98,1,0,0,16,7,Low
Design,High,30,12,91064,81,1,1,0,2,9,High
Process,Critical,50,0,118127,17,0,0,0,5,9,High
Documentation,Medium,28,11,10947,60,1,1,0,2,2,Medium
Supplier,Medium,34,11,111018,64,0,0,1,7,3,High
Material,Medium,21,9,42258,48,0,0,0,12,0,Low
Design,High,9,13,23567,57,0,0,1,8,2,Low
Documentation,Medium,38,0,67322,91,1,1,0,12,5,Low
Design,High,55,10,4540,100,0,0,1,16,6,Medium
Design,High,31,1,94778,37,0,0,0,0,8,Low
Design,Critical,26,13,84996,40,1,1,0,8,5,High
Design,Low,8,7,77158,26,1,0,0,11,9,Low
Supplier,High,56,1,5070,49,1,0,1,10,5,Medium
Supplier,High,52,11,114573,66,1,0,1,2,8,High
Material,Critical,54,11,5757,86,0,1,0,4,8,Medium
Design,Critical,22,6,39753,33,1,0,0,7,4,Medium
Design,Medium,37,4,59686,27,0,0,0,13,8,Low
Material,Medium,26,0,105472,5,1,1,0,19,8,Medium
Design,Low,14,13,61454,13,1,0,0,7,3,Low
Process,Critical,13,2,122581,8,0,1,0,10,2,Medium
Design,Medium,23,12,140190,26,0,1,0,6,1,High
Material,High,33,8,114874,84,1,0,1,0,9,High
Material,High,8,10,6315,93,1,1,0,7,4,Low
Material,Medium,42,10,115741,116,0,1,0,6,5,Medium
Design,Low,28,12,31326,66,0,0,0,3,2,Low
Design,Low,52,0,133331,55,1,0,0,13,3,Medium
Documentation,High,17,14,146808,108,1,0,0,5,4,Medium
Design,Medium,4,0,13084,19,0,0,0,4,5,Low
Supplier,Low,19,14,15244,76,1,0,0,7,1,Low
Supplier,High,58,3,104730,98,0,1,0,19,7,Medium
Material,Medium,19,12,21924,61,0,1,0,12,3,Low
Material,High,42,1,145317,32,0,1,0,8,2,High
Software,Medium,50,6,81273,75,1,0,0,16,0,Medium
Documentation,Low,17,8,86260,119,0,1,0,0,1,Low
Design,Low,38,14,129114,29,0,0,0,6,2,Medium
Material,Medium,13,1,32988,68,0,0,0,10,7,Low
Design,Medium,22,0,83589,7,0,1,0,9,8,Medium
Supplier,High,18,9,149813,29,0,0,0,13,9,Low
Process,Medium,40,0,3799,92,1,1,0,14,2,Low
Design,Medium,52,11,26614,60,1,0,0,9,6,Low
Material,Medium,15,0,22339,25,0,0,0,18,2,Low
Documentation,Medium,18,14,50665,41,1,1,0,18,1,Medium
Design,Critical,49,7,19923,16,1,0,0,9,5,Medium
Supplier,Low,28,14,26223,93,0,0,0,18,6,Low
Process,Critical,31,1,127976,113,0,0,0,12,7,Low
Design,Medium,42,4,69944,14,1,1,1,2,1,High
Design,Low,9,6,54028,30,0,1,0,2,7,Low
Design,Low,52,0,63121,103,0,0,0,1,3,Low
Documentation,Low,22,1,145609,105,0,0,0,4,2,Low
Design,High,39,4,73940,92,1,0,0,6,0,Medium
Design,Medium,26,11,70608,86,1,1,0,1,2,Medium
Design,Medium,45,10,139233,103,0,0,1,12,4,High
Design,High,37,1,6073,46,0,1,0,8,1,Low
Process,Medium,11,0,72009,107,1,1,0,12,3,Low
Design,Critical,12,9,112360,106,1,0,1,10,5,Medium
Supplier,Critical,52,5,77436,29,0,1,0,5,0,High
Process,High,31,11,130300,10,0,1,0,12,8,High
Documentation,High,17,4,133058,63,0,1,0,19,3,Low
Design,High,9,5,50772,91,0,1,0,6,7,Low
Documentation,Medium,8,3,122754,102,1,1,0,6,6,Low
Process,High,55,3,36974,18,1,0,0,10,7,Medium
Design,Low,58,10,36338,46,1,1,1,16,2,High
Software,High,24,7,146632,92,1,1,0,10,1,High
Documentation,Critical,12,9,2432,9,1,0,0,16,1,Low
Design,Low,25,1,53295,87,1,1,0,1,2,Low
Documentation,High,9,8,94610,36,0,1,0,1,5,Low
Supplier,Critical,33,6,62319,4,0,1,0,8,6,High
Process,Low,37,13,126805,30,1,1,0,4,7,High
Documentation,Medium,59,6,38112,89,0,0,0,0,9,Low
Material,Critical,19,1,83151,104,1,1,0,4,8,Medium
Software,Critical,12,10,19214,11,0,1,1,5,3,High
Material,Low,8,2,32070,56,0,0,0,18,4,Low
Software,Medium,23,13,26446,25,0,0,0,15,9,Low
Process,High,36,5,111332,82,0,0,0,7,7,Medium
Design,Low,4,11,30804,94,0,0,0,19,4,Low
Material,Medium,45,9,100596,115,0,1,1,16,8,High
Material,Low,28,6,52171,43,0,0,1,5,1,Low
Design,Low,47,8,84972,37,0,0,0,9,6,Low
Design,Medium,28,2,131146,38,1,0,0,18,9,Low
Material,High,10,1,129568,91,0,0,0,9,5,Low
Design,Medium,2,11,2179,54,1,1,0,7,6,Low
Design,High,33,14,117744,4,0,0,0,18,0,High
Software,Medium,32,12,143368,113,1,0,0,13,6,Medium
Process,Medium,49,4,100358,14,1,1,1,8,2,High
Software,Low,52,5,28488,111,1,1,0,17,9,Medium
Material,Low,10,5,99881,21,1,0,0,14,3,Low
Documentation,Medium,19,10,95602,65,0,0,0,6,3,Low
Process,Low,13,9,99499,38,1,1,1,8,3,Medium
Design,Low,7,11,64609,83,0,1,0,0,6,Low
Design,Low,1,14,79012,49,1,1,0,2,9,Low
Process,High,5,5,97952,45,0,1,0,19,3,Low
Design,Medium,31,9,69856,58,0,1,0,1,2,Medium
Supplier,Critical,9,7,116149,116,1,1,0,16,7,Medium
Documentation,High,12,14,106585,30,1,0,0,4,5,Medium
Design,Medium,7,5,45816,27,1,0,0,10,4,Low
Design,Low,43,2,91768,9,1,1,0,14,9,Medium
Documentation,Medium,38,5,113600,89,1,1,0,19,4,Medium
Process,Low,57,9,73752,81,1,0,1,7,6,High
Design,Medium,7,14,107393,73,1,1,0,18,9,Low
Documentation,Medium,13,12,19435,4,0,0,0,9,2,Low
Documentation,Medium,27,0,58243,95,1,1,0,17,9,Low
Supplier,Medium,39,7,105438,97,1,0,0,2,9,Medium
Process,High,8,2,134318,113,1,1,0,5,4,Medium
Design,High,13,5,97076,111,1,0,0,12,3,Low
Design,High,25,14,99719,33,1,0,0,14,1,High
Process,Medium,2,14,51666,85,1,1,0,16,0,Medium
Design,Medium,24,2,105288,49,0,0,0,7,9,Low
Process,Low,45,2,53770,72,1,0,0,12,4,Medium
Documentation,High,32,10,8282,41,1,0,0,12,6,Low
Design,Medium,26,6,37384,79,1,1,0,19,2,Low
Process,Medium,29,6,91876,114,1,0,0,2,3,Medium
Design,Medium,56,13,144306,78,1,0,1,0,8,High
Documentation,Critical,31,13,74620,110,0,1,0,11,6,Medium
Design,Medium,32,13,129100,111,1,1,0,0,2,High
Process,Medium,55,11,116813,16,1,0,0,3,0,High
Supplier,Medium,10,14,84376,115,1,1,0,10,8,Medium
Material,Medium,6,10,120744,98,1,1,1,5,0,High
Process,Medium,27,13,60547,52,1,0,0,5,0,High
Software,Medium,19,8,66685,72,1,0,0,6,3,Low
Supplier,Medium,12,0,110655,74,0,1,0,13,9,Low
Software,High,8,12,96013,94,1,1,0,7,6,Medium
Documentation,Low,52,13,79395,96,1,0,1,15,0,High
Material,High,37,4,65263,14,1,0,1,3,9,High
Supplier,Medium,41,6,146389,2,0,1,0,2,9,High
Design,High,7,8,10320,31,1,1,0,3,6,Low
Software,Medium,21,9,8740,64,0,1,0,18,0,Low
Supplier,High,37,10,72114,102,0,0,0,5,0,High
Material,Medium,32,5,5625,79,0,1,0,0,8,Low
Design,Critical,41,12,51465,18,1,0,1,6,8,High
Documentation,Medium,40,12,85507,86,0,0,0,13,8,Low
Material,High,25,14,61070,57,0,1,0,7,4,Medium
Process,High,47,8,30890,45,0,1,0,7,5,Medium
Design,Low,16,1,43064,93,1,1,1,1,1,Low
Documentation,Medium,5,12,90843,36,0,1,1,13,0,Low
Design,Medium,54,1,142734,75,1,0,0,4,2,High
Design,Medium,2,2,117322,23,0,1,0,1,6,Low
Documentation,Medium,17,4,82336,47,1,1,0,14,4,Low
Documentation,Medium,7,2,21147,67,1,0,0,18,6,Low
Design,Medium,14,10,36777,75,0,1,1,12,4,Low
Supplier,Low,24,6,66370,110,1,0,1,18,5,Low
Software,High,8,3,37379,36,0,0,0,8,9,Low
Documentation,Medium,28,0,103455,107,1,1,0,10,6,Low
Material,High,55,3,55246,98,1,0,0,7,9,Medium
Supplier,Low,9,10,125162,44,0,1,1,10,9,Medium
Software,Medium,55,11,40720,18,0,1,0,17,6,Medium
Software,Low,25,4,74703,32,0,1,1,12,9,Low
Software,High,35,1,107311,79,0,1,0,0,2,Medium
Supplier,Medium,27,8,31319,95,1,1,1,11,5,Medium
Design,Critical,19,11,114335,74,0,0,0,7,0,Medium
Documentation,Medium,7,1,88076,87,0,1,0,10,0,Low
Documentation,Medium,36,11,97324,13,0,1,0,11,1,High
Software,Medium,55,2,68450,61,1,0,0,11,1,Medium
Design,Medium,31,3,140297,105,1,1,0,17,4,Low
Design,Medium,36,9,115902,47,1,1,1,17,7,High
Software,Medium,38,0,29212,108,0,0,0,19,9,Low
Design,Low,23,4,83558,16,1,0,1,12,9,Low
Documentation,Low,8,2,135540,117,1,0,0,5,1,Low
Material,Low,30,3,42273,94,0,1,0,3,4,Low
Process,Critical,52,11,80700,75,1,0,1,16,4,High
Documentation,Medium,19,3,113281,74,0,0,0,18,0,Low
Material,Low,52,0,41359,112,1,1,1,0,0,High
Material,Critical,51,3,77903,46,1,1,1,4,3,High
Process,Low,15,1,83169,21,1,1,0,13,8,Low
Process,Medium,34,9,27043,110,0,1,0,3,3,Medium
Material,High,45,14,27052,14,1,1,0,1,3,High
Process,Critical,30,2,84679,79,1,1,0,19,9,Medium
Documentation,High,42,10,27228,33,0,0,0,1,3,Low
Supplier,Medium,54,5,142273,111,1,0,0,4,6,High
Design,Critical,38,1,78805,116,0,1,0,19,9,Low
Material,Low,50,10,105974,57,0,1,0,2,1,High
Material,Critical,48,3,59834,64,1,1,1,15,5,High
Design,High,48,7,45171,55,0,0,0,11,3,Medium
Design,Critical,51,7,73231,52,0,0,1,10,1,High
Process,Medium,14,8,106775,112,0,0,0,16,0,Low
Material,Low,2,2,59935,35,1,0,0,0,6,Low
Documentation,High,10,3,42749,115,0,1,0,1,6,Low
Design,Medium,15,11,22024,78,0,1,0,3,5,Low
Design,Medium,41,13,81631,115,1,1,0,9,6,High
Software,Critical,31,0,102112,74,0,1,0,19,7,Low
Documentation,Medium,28,6,79226,98,1,0,0,1,0,Medium
Design,Medium,1,13,38606,59,1,1,0,8,0,Medium
Design,Medium,41,4,37484,56,1,1,0,8,3,Medium
Design,Low,22,6,56870,32,1,1,0,3,5,Low
Supplier,Low,45,13,52508,26,0,0,0,6,9,Low
Supplier,Low,7,14,30963,6,0,0,0,4,9,Low
Design,High,18,9,141356,47,0,1,0,2,8,Medium
Design,High,4,10,49797,118,0,0,0,10,2,Low
Supplier,Medium,17,9,37964,112,1,1,1,18,5,Medium
Documentation,Medium,55,4,91194,83,1,1,0,8,1,Medium
Process,High,29,13,120253,44,1,1,0,12,4,High
Supplier,High,26,0,69971,63,0,1,0,13,0,Low
Design,High,17,0,100271,91,1,1,0,16,9,Low
Design,Medium,16,9,14703,2,1,1,0,16,4,Medium
Design,High,40,12,80128,110,1,1,0,18,7,Medium
Software,Medium,59,12,10454,104,1,0,1,16,1,High
Documentation,Medium,45,10,21058,116,1,1,0,18,9,Low
Documentation,High,44,5,89003,13,0,1,0,19,5,Medium
Documentation,Medium,28,5,31083,113,0,0,0,14,0,Low
Documentation,Medium,6,6,5969,74,1,0,1,9,3,Low
Documentation,Medium,43,3,27257,67,0,0,0,6,2,Low
Design,Medium,48,6,116036,23,0,0,0,11,0,High
Design,Medium,31,1,88225,60,1,1,0,16,0,Medium
Material,High,6,4,57578,44,1,1,0,15,7,Low
Supplier,Medium,43,14,146020,118,0,0,1,10,8,High
Design,Low,55,10,58170,42,0,0,0,1,6,Medium
Documentation,High,14,2,131647,27,1,1,0,5,6,Low
Process,Medium,10,4,52070,113,1,1,0,11,0,Low
Supplier,Critical,44,3,4275,24,0,0,0,7,1,Low
Design,Low,20,4,16982,108,1,1,0,9,0,Low
Design,Medium,43,10,41422,115,0,1,1,6,9,Medium
Design,Medium,42,13,28392,38,1,0,0,1,7,Medium
Documentation,High,16,10,24009,83,0,0,0,9,9,Low
Process,Low,3,7,57810,96,1,1,0,8,9,Low
Software,Critical,33,2,146363,65,1,1,0,15,2,Medium
Design,Medium,25,2,30475,84,1,1,0,2,5,Low
Material,Medium,51,12,35723,17,1,1,0,9,6,High
Material,Medium,22,10,149284,62,0,1,0,17,7,Medium
Software,Low,15,7,30596,62,0,0,1,5,6,Low
Software,Medium,51,8,124615,68,0,0,0,6,4,High
Design,Medium,44,12,93320,113,0,1,0,1,0,High
Documentation,Medium,37,12,139187,99,0,0,1,11,9,Medium
Design,Medium,57,1,83649,73,0,0,0,17,6,Low
Documentation,Medium,47,5,89225,49,1,0,0,9,8,Low
Design,Low,52,0,34264,49,0,1,0,8,2,Low
Design,Low,48,5,86451,4,0,1,0,14,1,Medium
Documentation,Low,24,9,100719,67,1,1,0,8,9,Low
Design,Low,4,3,148034,31,1,0,0,7,8,Low
Material,Medium,36,2,15002,106,0,0,0,15,8,Low
Material,Low,46,7,23933,93,1,0,0,5,4,Medium
Design,High,59,7,3395,109,0,0,0,16,9,Medium
Process,Low,41,10,118671,119,1,0,0,5,2,High
Documentation,Low,34,0,12821,49,0,0,0,10,7,Low
Documentation,High,34,3,137364,52,1,1,0,5,4,Medium
Material,Medium,7,11,55047,73,1,0,0,12,1,Low
Supplier,Medium,1,10,43608,52,0,1,0,8,7,Low
Design,Critical,3,13,146264,34,1,1,0,4,3,High
Design,Critical,54,12,108195,85,0,0,0,14,1,High
Design,High,47,12,82313,55,1,0,0,18,7,Medium
Documentation,Low,16,7,133399,113,0,0,0,0,7,Low
Documentation,Medium,25,14,113331,27,1,1,1,11,3,High
Software,Critical,29,6,95801,54,1,1,0,14,9,Medium
Supplier,Critical,15,13,48563,64,1,1,0,14,7,Medium
Supplier,Low,25,5,147922,109,0,0,0,4,0,Medium
Supplier,Medium,21,6,108041,70,0,1,0,2,3,Medium
Supplier,Medium,41,10,141870,10,0,1,0,10,9,High
Material,Low,45,5,144944,41,1,1,0,12,1,High
Design,High,6,2,82614,106,1,0,0,5,9,Low
Design,Medium,28,13,53985,34,1,0,1,7,5,High
Documentation,Medium,59,6,142103,42,1,0,0,10,6,Medium
Supplier,Low,52,13,149859,19,0,1,0,9,6,High
Documentation,Medium,47,5,18734,86,1,0,0,9,5,Low
Design,Low,44,14,95942,18,1,1,0,13,5,High
Supplier,Medium,1,9,90564,45,1,0,0,19,5,Low
Design,Low,58,11,112414,85,1,1,0,15,6,High
Design,Critical,44,11,146326,107,1,1,0,0,7,High
Design,Low,53,3,38199,28,1,0,0,6,4,Low
Design,Medium,54,12,146372,41,1,0,0,0,4,High
Documentation,Low,16,14,96642,15,0,0,0,17,7,Low
Material,Low,1,9,12834,53,1,0,0,12,7,Low
Process,Low,39,14,76895,119,0,1,0,4,6,Medium
Supplier,Low,28,12,20453,37,1,1,0,16,4,Medium
Material,Low,2,9,143482,32,1,1,1,11,5,High
Supplier,Medium,16,7,114599,49,1,1,0,1,5,Medium
Design,High,59,12,135748,107,0,0,1,3,4,High
Documentation,Low,22,2,90578,66,0,0,0,16,1,Low
Software,Medium,16,8,59802,73,0,1,0,5,5,Low
Software,Medium,39,12,64539,94,1,0,0,10,4,Medium
Supplier,Low,40,14,142057,86,0,0,0,17,0,Medium
Design,Medium,20,4,23159,72,1,0,0,5,9,Low
Documentation,Low,51,1,132779,68,0,1,0,0,6,Medium
Material,Low,35,5,63590,64,1,1,0,1,1,Medium
Design,Medium,10,12,88762,23,1,0,0,18,2,Medium
Material,Critical,20,7,100214,50,1,1,0,11,5,High
Software,Critical,51,0,12776,101,1,0,0,6,8,Low
Process,Critical,6,1,22728,6,0,1,0,1,4,Low
Software,Medium,1,5,24538,99,1,0,1,13,8,Low
Software,Low,39,5,116911,68,0,1,0,0,1,Medium
Design,Medium,27,2,11992,43,0,0,0,1,5,Low
Documentation,Low,15,7,91828,15,0,1,0,11,8,Low
Material,Low,28,7,16644,92,0,0,0,12,8,Low
Process,Low,11,2,115288,2,1,0,1,11,2,High
Design,Medium,23,3,146554,66,0,0,0,18,6,Low
Documentation,Medium,14,9,62396,21,1,0,0,5,0,Low
Design,Low,35,14,32219,109,0,0,0,11,1,Medium
Design,High,40,14,67010,23,1,0,0,6,9,High
Supplier,Medium,54,8,103782,96,1,1,0,7,7,High
Design,High,4,0,109239,69,0,1,0,3,2,Medium
Design,Low,20,13,95660,6,0,1,0,15,9,Medium
Process,Medium,16,14,87507,86,0,0,0,14,9,Low
Material,Low,35,4,94856,105,0,1,1,14,0,Medium
Documentation,Medium,32,6,32993,28,0,1,0,2,0,Low
Material,Low,52,0,31402,116,1,0,0,2,2,Low
Software,Low,55,12,139665,96,0,0,0,15,7,Medium
Supplier,Medium,46,11,87112,89,1,0,0,13,5,High
Process,Medium,12,0,129246,41,0,1,0,0,5,Low
Process,Low,3,10,94017,16,0,1,0,13,4,Low
Supplier,Critical,54,6,68563,52,1,0,0,19,4,Medium
Documentation,Low,56,8,85775,97,1,1,0,15,6,Medium
Material,Medium,15,3,103910,71,1,1,0,5,0,Medium
Design,Medium,3,12,28331,78,1,1,0,6,5,Low
Process,Medium,41,6,69585,94,0,1,0,15,2,Medium
Documentation,Medium,35,12,108597,41,1,1,0,8,7,Medium
Design,Low,53,2,13513,6,0,0,0,14,1,Medium
Material,High,34,8,11449,106,1,1,1,19,0,High
Documentation,Low,45,4,24433,74,1,0,0,8,4,Low
Software,Low,47,14,88884,68,0,1,0,11,4,High
Documentation,Medium,1,8,36145,69,1,0,1,9,5,Low
Supplier,Critical,9,10,65720,102,0,0,0,10,8,Low
Process,High,47,1,20504,92,0,1,1,1,6,Medium
Material,Critical,11,10,37917,81,0,1,1,19,3,Medium
Documentation,High,13,1,3156,94,0,1,0,10,7,Low
Material,High,45,5,121204,36,1,1,1,4,5,High
Software,Medium,13,3,70246,85,0,1,0,11,2,Low
Material,Critical,9,0,26795,117,1,1,0,7,0,Medium
Supplier,Medium,1,8,79170,29,0,1,1,16,0,Medium
Process,Medium,28,3,139980,69,1,0,0,15,2,Low
Supplier,Medium,38,7,123809,82,1,1,0,7,8,High
Documentation,Medium,44,11,132742,62,1,0,0,14,4,Medium
Material,Low,54,2,61197,116,0,1,0,0,4,Medium
Process,Medium,39,10,54407,49,0,0,1,19,3,Medium
Material,Medium,45,4,47773,27,0,0,0,10,2,Low
Material,High,13,4,46120,18,0,0,0,13,7,Low
Material,Medium,21,8,137993,102,0,0,0,12,0,Medium
Design,High,18,9,21054,82,0,1,0,6,6,Low
Design,Medium,4,9,127791,70,1,1,1,13,9,Medium
Process,High,58,2,137491,52,0,1,0,7,8,High
Process,Low,15,8,126684,50,1,0,0,13,3,Medium
Process,Critical,27,3,94316,112,1,0,0,1,8,Medium
Design,Medium,22,4,128419,82,1,0,0,2,2,Medium
Material,Medium,3,14,5251,115,1,1,0,18,2,Low
Design,Low,54,1,122680,96,1,1,0,14,3,High
Software,Medium,13,6,76894,92,0,0,0,2,0,Low
Documentation,Medium,6,6,143784,67,0,0,1,4,2,Low
Design,High,21,3,13326,30,1,1,0,10,8,Low
Process,Critical,9,11,139543,79,0,1,0,0,7,Medium
Design,High,59,7,86275,86,0,0,0,8,3,Medium
Design,Medium,12,10,16026,63,0,0,1,6,3,Low
Design,Medium,18,5,76589,4,1,1,0,2,3,High
Design,High,17,13,6049,115,0,1,0,5,1,Medium
Process,High,2,10,12885,99,0,1,1,5,1,Medium
Documentation,Medium,1,4,79989,43,1,1,1,1,9,Low
Design,Critical,31,14,122471,60,1,1,0,12,6,High
Supplier,Medium,14,12,16675,16,1,0,0,5,6,Low
Process,High,5,8,39716,112,0,1,0,0,2,Low
Documentation,Critical,18,0,59003,29,1,0,0,0,8,Low
Process,High,17,8,81451,46,0,0,0,19,1,Low
Design,Low,26,10,608,52,1,0,0,2,9,Low
Process,Medium,59,5,96036,33,1,1,0,18,5,Medium
Material,Low,19,2,74932,76,0,0,0,3,3,Low
Documentation,High,42,8,144364,119,0,0,1,1,7,High
Material,Medium,46,12,45549,102,0,1,0,10,4,Medium
Process,High,3,4,74324,64,0,0,0,17,2,Low
Design,Critical,30,6,12701,17,1,1,0,1,6,Medium
Material,Low,27,0,137638,103,0,1,0,6,7,Low
Documentation,Medium,30,10,125164,32,1,1,0,15,6,Medium
Process,Medium,11,12,53551,109,1,1,0,1,4,Medium
Material,Medium,28,11,69342,48,0,1,0,3,3,Medium
Documentation,Low,8,6,128686,63,0,1,0,6,4,Low
Documentation,Low,56,0,44663,53,0,1,0,16,8,Low
Material,Medium,35,7,35756,55,1,0,0,16,3,Low
Supplier,Medium,3,14,36674,21,0,0,0,14,9,Low
Supplier,Medium,30,1,106268,67,1,1,0,13,1,Medium
Process,Low,55,3,32054,49,0,0,0,0,1,Low
Material,Medium,44,12,13747,102,1,0,0,4,3,Medium
Design,Medium,17,8,25235,58,0,0,0,18,0,Low
Documentation,Medium,53,2,147914,115,0,1,0,14,8,Low
Documentation,High,11,0,130991,37,0,1,0,4,3,Low
Documentation,Medium,15,6,143113,40,1,1,1,14,1,Medium
Documentation,Medium,10,8,41956,6,0,1,0,14,6,Low
Software,Critical,55,12,66610,89,0,1,0,14,9,High
Software,Medium,43,13,73870,10,1,1,0,19,9,High
Software,Medium,31,6,78828,35,1,1,0,10,1,Medium
Supplier,Low,40,6,4507,109,0,1,0,1,7,Low
Supplier,Low,16,13,89867,74,0,1,0,16,3,Medium
Design,Low,5,11,6297,67,0,0,0,0,8,Low
Process,High,50,3,41618,96,1,0,1,12,6,Medium
Design,High,57,10,44207,93,0,0,0,15,7,Medium
Design,Low,3,10,101333,106,1,1,0,2,8,Medium
Process,Low,4,3,134525,80,0,1,1,15,8,Low
Material,Medium,34,14,104935,54,0,1,0,16,1,Medium
Design,Medium,3,4,65600,17,0,1,0,13,7,Low
Software,Medium,43,8,78998,45,0,0,0,6,1,Medium
Documentation,High,56,7,77104,85,1,0,0,4,9,Medium
Design,Critical,17,10,22587,31,0,0,1,14,6,Low
Design,Medium,18,13,143618,81,0,1,0,3,1,Medium
Material,High,51,5,137918,17,1,0,0,13,2,High
Software,Medium,22,5,36386,9,0,0,0,3,8,Low
Documentation,Medium,15,11,17699,45,0,1,0,6,6,Low
Design,Critical,5,14,25173,29,1,0,0,10,2,Medium
Software,Low,50,13,94561,104,1,1,0,3,8,High
Design,High,55,11,4900,46,1,1,0,15,7,Medium
Material,High,5,10,15911,51,1,1,0,13,0,Low
Documentation,Critical,48,11,97422,49,0,0,1,0,2,High
Design,Medium,10,14,22342,39,1,0,1,16,8,Low
Design,Medium,9,0,10785,110,1,0,0,14,3,Low
Material,High,23,8,3570,89,0,0,0,16,0,Low
Process,High,26,0,106014,20,1,1,0,12,6,Medium
Documentation,Medium,51,8,54822,27,0,1,1,12,8,Medium
Documentation,High,42,5,43027,11,0,0,0,7,5,Low
Design,Medium,9,4,96117,32,0,0,0,4,9,Low
Design,Medium,35,13,25993,79,1,0,0,4,1,Medium
Software,High,52,10,78470,112,1,0,1,6,6,High
Design,Medium,40,8,72834,58,0,1,1,5,6,Medium
Documentation,Medium,14,13,101343,11,0,0,0,15,9,Low
Process,Critical,8,1,93775,7,1,0,0,10,5,Medium
Design,High,27,9,101415,50,0,0,1,8,8,Medium
Documentation,High,28,2,32363,33,0,1,0,14,1,Low
Design,Medium,21,3,21455,70,0,0,0,14,0,Low
Material,Critical,7,2,80307,15,1,0,0,18,7,Low
Supplier,Low,7,8,9071,29,1,1,0,6,0,Medium
Supplier,Medium,32,9,68415,67,0,1,1,4,8,Medium
Process,Medium,56,11,93991,35,1,0,0,0,0,High
Process,High,36,6,123239,45,1,1,0,3,6,High
Documentation,Critical,26,14,98157,28,0,0,0,12,4,Medium
Documentation,High,55,5,149202,8,1,0,0,16,6,High
Supplier,Medium,41,2,83727,42,0,1,1,12,6,Medium
Design,Medium,43,0,67204,40,0,0,0,19,4,Low
Software,Medium,34,1,37241,108,0,1,0,12,4,Low
Documentation,Medium,46,6,101132,107,1,0,0,17,5,Low
Material,Low,30,6,121709,52,0,1,0,5,6,Low
Supplier,Medium,37,12,48485,35,0,0,1,6,7,Medium
Material,High,37,1,11815,51,1,1,0,16,4,Medium
Design,High,45,3,2066,73,1,1,0,13,3,Low
Process,High,54,14,95030,47,0,1,1,9,0,High
Material,Medium,18,0,99623,91,0,0,0,19,7,Low
Software,Medium,42,6,18501,115,1,1,0,15,2,Medium
Documentation,Low,2,2,3879,49,1,0,0,5,4,Low
Documentation,Medium,32,8,98339,15,1,1,1,12,9,Medium
Material,Medium,54,14,59963,16,1,1,0,7,7,High
Material,Medium,39,3,62950,104,1,0,0,8,3,Medium
Software,Low,16,5,39739,51,0,0,0,16,4,Low
Software,High,36,6,107856,40,0,1,0,13,3,Medium
Supplier,Medium,22,11,111824,75,1,1,0,0,6,High
Documentation,Medium,26,14,8302,114,1,0,0,11,1,Low
Design,Low,14,1,13824,52,0,0,0,12,9,Low
Documentation,Medium,37,7,83484,39,0,0,0,10,9,Low
Design,Medium,12,11,90669,103,1,1,0,5,2,Medium
Design,Medium,27,0,22159,11,0,0,0,12,2,Low
Supplier,Medium,56,12,24136,101,0,1,0,18,5,Medium
Design,Low,45,3,102516,63,1,0,0,1,6,Medium
Design,Critical,25,7,68479,4,0,1,0,12,6,Medium
Design,Low,58,14,18433,28,0,0,1,18,0,Medium
Material,Medium,1,9,91624,82,0,0,1,8,7,Low
Software,Low,57,14,11500,90,0,1,1,6,0,High
Design,Medium,21,9,34978,25,1,1,0,4,3,Medium
Process,Medium,49,3,107111,79,0,0,0,4,7,Medium
Documentation,High,56,10,33746,118,0,0,0,7,8,Low
Design,Medium,36,9,9998,83,0,0,0,15,6,Low
Design,Medium,37,4,144018,84,0,1,0,3,1,Medium
Documentation,Low,45,1,34067,24,1,0,0,4,6,Low
Documentation,Low,15,9,77473,77,0,1,0,19,0,Low
Supplier,Medium,11,8,123797,85,1,0,0,19,2,Medium
Software,Medium,21,11,148492,15,0,1,0,4,1,High
Design,Medium,29,1,121548,38,1,1,1,8,9,Medium
Material,Critical,44,8,51277,106,0,0,0,8,3,Medium
Software,High,16,12,128191,119,0,0,0,5,5,Medium
Design,Critical,34,13,2404,22,0,1,0,3,7,Medium
Software,Medium,1,14,49251,88,0,0,0,1,9,Low
Supplier,High,2,3,30312,61,0,0,1,12,9,Low
Software,Medium,58,2,79443,71,0,0,0,0,1,Medium
Supplier,Medium,51,8,133794,62,0,0,0,12,3,High
Material,Critical,51,6,116115,104,1,0,0,1,4,High
Design,High,20,3,149747,54,1,0,0,3,7,Medium
Design,High,31,1,20979,71,1,0,1,0,3,Medium
Software,High,40,2,112953,80,0,0,1,7,2,Medium
Design,Low,15,5,108796,67,1,0,0,6,7,Low
Design,High,44,11,68742,105,1,0,0,6,4,Medium
Design,Medium,41,0,15074,30,1,1,0,6,7,Low
Design,Critical,25,1,16121,113,0,0,0,18,3,Low
Documentation,High,26,3,137030,82,1,1,0,8,4,Medium
Material,Low,19,13,44636,115,1,1,0,16,0,Medium
Documentation,Low,48,14,95777,46,0,1,0,4,0,High
Design,Low,59,6,141860,58,1,1,1,9,0,High
Process,Medium,59,0,74249,7,1,0,0,1,1,High
Material,Low,46,0,31883,111,1,1,0,5,3,Low
Material,High,21,12,72967,98,1,0,0,1,0,High
Documentation,Medium,47,6,34806,36,1,0,1,0,1,Medium
Documentation,High,15,1,27613,8,1,1,0,3,8,Low
Documentation,Medium,53,12,121742,84,1,0,0,3,8,High
Design,Medium,16,7,52214,81,0,0,0,6,2,Low
Design,Low,24,5,102878,64,1,1,0,14,9,Low
Process,High,6,6,109204,20,1,1,0,2,1,High
Design,Low,5,3,82638,110,1,1,0,12,0,Low
Software,Low,24,13,81371,53,0,1,0,7,3,Medium
Supplier,Low,33,11,27489,87,0,1,0,8,2,Low
Supplier,High,2,2,79631,103,1,0,0,18,0,Low
Documentation,Low,50,11,112853,66,1,0,0,9,8,Medium
Process,Medium,7,2,29689,13,1,0,0,5,9,Low
Design,High,59,6,35187,106,0,0,0,4,2,Medium
Design,High,17,11,103709,80,1,1,0,3,3,Medium
Process,Low,23,0,147278,107,1,1,1,16,7,Medium
Supplier,Low,10,10,59109,74,0,1,0,13,9,Low
Design,Medium,49,3,124334,109,0,1,0,5,2,Medium
Material,Low,44,10,27821,104,0,1,0,9,6,Medium
Software,High,5,7,85672,27,1,0,0,10,0,Low
Documentation,Medium,7,0,141595,22,1,0,0,0,5,Low
Supplier,Medium,36,11,66512,20,1,0,0,18,9,Medium
Material,Low,52,3,76266,96,1,1,0,15,4,Medium
Design,Medium,7,14,23685,30,0,1,0,10,6,Low
Supplier,Low,14,12,79441,55,1,0,0,14,6,Low
Material,High,33,2,88053,94,0,0,0,2,6,Low
Supplier,Low,7,9,147215,52,0,0,0,19,6,Low
Process,Critical,18,5,30543,9,0,0,0,12,8,Low
Design,High,1,9,55277,44,1,1,0,18,0,Low
Design,Low,30,8,97264,13,1,1,0,17,8,Medium
Design,Low,43,4,141481,47,1,1,0,11,9,Medium
Documentation,Medium,25,9,36062,88,1,0,0,5,9,Low
Process,Low,16,3,104391,63,0,0,0,13,3,Low
Design,Low,26,13,131961,81,1,1,0,10,5,Medium
Documentation,High,31,14,95147,14,0,0,0,8,3,Medium
Supplier,Medium,10,2,64307,90,1,0,1,14,8,Low
Supplier,Low,7,10,35545,52,1,0,1,17,4,Low
Documentation,Medium,11,13,43563,35,1,0,0,3,3,Low
Design,Medium,59,1,8237,78,0,0,1,11,6,Low
Design,Critical,43,11,23227,17,1,0,0,15,0,Medium
Process,Low,8,14,65948,60,1,0,1,6,3,Medium
Design,High,18,3,21504,51,0,1,0,6,2,Low
Process,High,25,8,2020,21,1,1,0,0,3,High
Design,Low,11,11,104056,114,1,1,1,6,4,High
Design,Low,51,5,11114,44,0,0,0,11,0,Low
Design,Medium,56,3,21596,6,0,1,0,19,8,Low
Material,High,15,5,89501,54,0,1,0,10,4,Low
Design,Medium,1,5,138312,116,1,0,0,5,3,Low
Design,High,16,10,108808,80,1,0,1,16,1,High
Documentation,High,35,5,5362,77,1,1,0,3,9,Low
Material,High,48,5,25608,108,1,0,1,3,8,High
Material,Medium,21,14,111184,11,1,0,1,10,4,High
Design,Medium,17,8,110008,66,1,0,0,16,3,Low
Material,High,15,13,58958,39,0,0,0,4,4,Low
Design,Medium,1,10,142484,81,1,0,0,0,9,Low
Process,High,1,13,133326,102,0,0,0,14,2,Low
Design,Low,26,2,111604,11,1,1,0,11,6,Medium
Documentation,Low,37,14,112359,20,0,0,0,13,9,Low
Documentation,High,1,14,117814,114,1,1,0,7,7,Medium
Design,Medium,12,0,22690,60,1,0,0,2,8,Low
Design,Low,54,5,105256,39,1,1,0,6,9,High
Design,Low,59,6,141015,19,0,1,0,9,0,High
Process,Medium,38,6,34098,43,1,0,0,8,2,Medium
Design,High,31,11,2689,2,1,0,0,17,1,Medium
Documentation,Low,35,10,54453,28,0,1,0,4,5,Low
Software,Low,22,3,40807,23,1,0,0,6,4,Low
Software,Medium,12,9,142415,11,0,1,0,3,0,Medium
Supplier,Critical,23,14,67159,116,0,0,0,11,5,Medium
Documentation,Medium,42,6,99350,95,1,0,0,16,1,Medium
Design,Critical,40,13,147300,112,1,0,0,17,4,High
Material,High,40,9,118459,30,0,1,1,4,3,High
Material,Medium,36,13,112486,36,1,0,1,8,8,High
Documentation,High,4,13,145319,35,1,1,0,14,6,Medium
Process,High,37,0,103483,67,1,0,1,0,6,High
Software,Medium,52,12,35099,23,1,1,0,14,8,High
Design,Medium,39,2,109153,29,1,1,0,2,1,Medium
Documentation,High,35,12,48592,117,0,1,0,0,2,Medium
Supplier,High,14,12,49972,43,0,0,0,2,7,Low
Supplier,High,47,3,96897,94,0,1,0,17,7,Medium
Documentation,Critical,27,0,47665,29,1,1,1,13,0,Medium
Material,Medium,16,6,4141,111,1,0,1,15,2,Medium
Material,High,29,4,149934,83,1,0,0,13,2,Medium
Process,High,8,8,85897,103,0,1,0,15,0,Low
Design,Low,55,1,100666,62,1,0,0,9,6,Medium
Material,Low,42,0,121398,108,1,1,0,16,0,Medium
Design,Medium,20,6,95360,44,1,0,0,1,8,Low
Design,High,47,11,91761,58,1,0,1,11,5,High
Documentation,Medium,4,4,118880,9,0,1,0,15,7,Low
Process,High,23,4,44661,22,0,1,0,19,4,Low
Material,Low,39,2,124352,93,1,0,1,7,9,Medium
Material,Medium,2,4,108753,40,1,1,0,3,2,Low
Material,Medium,42,4,27725,14,1,0,0,14,5,Medium
Process,Low,49,3,22331,36,1,0,0,1,0,Medium
Documentation,High,36,5,132013,43,1,1,0,15,8,Medium
Documentation,Low,13,4,134268,86,0,1,0,14,5,Low
Material,Critical,45,10,149040,12,1,0,0,13,1,High
Material,Low,21,5,15586,5,0,1,0,5,8,Low
Supplier,Critical,44,11,134395,87,0,0,0,2,9,High
Supplier,Medium,38,9,129591,18,0,1,0,12,0,High
Supplier,Low,6,9,115255,51,1,1,0,7,8,Medium
Process,Low,6,8,74922,82,1,1,0,7,7,Low
Supplier,Low,1,13,76521,62,1,0,0,3,3,Medium
Material,Medium,5,3,64582,16,0,0,0,6,6,Low
Material,High,18,14,4874,87,1,0,0,16,7,Low
Material,Medium,2,3,75348,7,0,1,0,17,4,Low
Design,Medium,56,2,35955,29,0,1,0,6,6,Low
Design,Medium,55,12,30430,14,0,1,1,2,0,High
Software,Medium,11,13,8858,62,1,0,0,0,9,Low
Material,High,19,1,68923,83,0,1,0,3,9,Low
Design,Medium,44,8,7657,78,0,1,0,0,2,Low
Supplier,High,39,7,127533,18,0,0,0,13,4,Medium
Software,Critical,35,3,133480,42,1,0,0,12,2,Medium
Design,Medium,59,7,120242,19,1,0,0,15,3,High
Documentation,Low,38,10,45497,42,0,0,1,6,2,Medium
Documentation,Low,40,8,24875,29,0,1,0,16,8,Low
Process,Medium,30,7,75945,89,0,1,0,3,6,Low
Process,Medium,31,13,101176,90,1,0,0,4,8,Medium
Design,Critical,18,3,3578,98,0,1,1,18,7,Low
Documentation,Medium,31,9,128597,25,0,0,1,17,7,Medium
Material,Medium,55,4,66065,3,0,1,0,11,1,High
Documentation,High,23,14,123055,6,0,1,0,12,8,Medium
Process,Medium,8,3,12156,101,0,1,1,14,7,Low
Design,High,36,13,64132,108,0,1,1,16,1,Medium
Design,Low,47,9,69018,26,0,1,0,4,0,Medium
Process,Medium,57,3,7689,105,1,1,1,1,7,High
Supplier,Critical,32,11,106262,64,0,0,0,3,3,Medium
Design,High,47,3,139709,23,1,1,0,7,3,High
Software,High,15,3,81319,38,0,1,0,4,3,Low
Documentation,Medium,26,5,59684,33,0,1,0,10,8,Low
Supplier,High,25,10,95589,92,0,0,0,2,3,Medium
Supplier,Medium,20,5,54466,24,1,0,0,11,3,Medium
Design,Medium,43,8,54283,23,1,1,0,14,3,Medium
Software,Low,53,8,114047,86,0,1,0,1,0,High
Material,Low,20,2,88839,37,1,1,0,5,0,Medium
Documentation,Medium,9,3,39963,31,1,1,0,10,4,Low
Material,Low,49,4,61412,97,0,1,0,1,0,Medium
Supplier,High,51,3,125294,111,1,1,0,13,7,High
Design,High,56,13,79543,67,0,1,0,15,4,High
Design,Critical,16,5,11869,99,0,0,0,7,5,Low
Software,Low,43,6,128624,101,1,1,0,0,3,High
Supplier,Critical,43,10,111236,71,0,0,0,10,7,High
Supplier,Low,47,11,40398,99,0,1,1,17,4,High
Documentation,Medium,48,10,144885,3,0,1,0,5,0,High
Documentation,High,57,8,142800,6,1,1,0,16,4,High
Documentation,Low,29,14,149367,106,1,1,0,17,1,Medium
Design,Low,5,13,56981,18,0,0,0,5,5,Low
Process,Low,12,3,138608,87,0,1,1,11,5,Low
Documentation,Medium,53,2,121055,51,0,1,0,0,4,Medium
Material,High,50,5,130678,94,1,1,0,11,3,High
Design,Low,1,12,82290,80,1,0,0,17,5,Low
Software,Low,22,14,42192,10,0,1,0,18,6,Medium
Supplier,Medium,15,10,34404,41,1,0,0,3,8,Low
Supplier,Low,19,10,145013,85,1,0,0,13,9,Low
Documentation,High,38,3,75615,110,0,1,0,1,0,Medium
Process,Critical,31,8,139220,96,0,1,0,5,6,High
Material,High,29,2,83428,107,0,1,0,16,0,Medium
Material,High,26,8,80388,114,1,1,0,12,4,Medium
Material,Medium,38,2,11450,107,1,1,1,7,7,Medium
Design,High,41,1,60610,70,0,0,0,19,5,Low
Software,Low,3,14,83645,41,0,0,0,15,8,Low
Documentation,Low,9,13,16835,61,0,0,0,0,9,Low
Design,High,21,10,24723,95,0,1,0,1,9,Low
Material,Low,26,9,88799,52,0,1,1,12,6,Medium
Documentation,High,59,3,37596,100,0,1,0,17,6,Low
Design,High,53,8,105231,84,1,1,0,3,8,High
Supplier,Critical,39,11,69331,26,1,1,0,10,2,High
Supplier,Medium,3,8,60897,110,0,0,0,16,3,Low
Process,Medium,6,4,18048,101,1,0,0,17,3,Low
Design,High,27,5,61201,72,1,0,1,12,7,Medium
Process,Low,35,12,81560,24,1,0,0,19,3,Medium
Material,Medium,39,3,86210,28,1,0,0,18,1,Low
Process,High,9,14,40893,101,1,1,1,16,7,High
Design,Critical,53,11,4653,4,0,1,0,13,7,High
Supplier,High,30,13,140254,59,1,0,0,19,5,High
Supplier,Low,36,7,143700,75,0,1,0,0,8,Medium
Design,Medium,3,3,135666,29,1,1,0,1,7,Low
Design,Medium,49,0,43840,104,0,0,0,10,9,Low
Design,Low,33,8,90588,63,0,0,0,13,2,Low
Material,Medium,14,5,21563,9,0,1,0,18,1,Low
Design,Medium,19,1,135881,39,0,1,0,13,3,Low
Documentation,Low,21,13,1320,48,0,0,0,4,8,Low
Material,Medium,2,14,70865,28,1,0,1,18,9,Medium
Software,Low,56,5,128605,112,1,0,0,1,1,High
Documentation,Medium,48,10,108971,44,0,0,0,1,8,Medium
Design,Low,53,6,129549,61,0,0,0,14,4,Medium
Process,High,21,7,74707,65,0,1,0,19,8,Low
Documentation,Low,33,9,14748,28,0,1,0,10,6,Low
Process,High,28,6,1670,69,1,1,0,2,0,Medium
Material,Low,29,12,23260,43,1,1,0,0,4,Medium
Material,Medium,35,2,9102,3,0,0,1,19,0,Low
Design,Medium,27,10,67461,50,0,0,0,5,3,Low
Supplier,Low,46,14,8057,70,1,0,1,12,7,Medium
Documentation,Medium,4,12,28262,15,1,1,0,6,6,Medium
Documentation,High,12,0,63202,93,0,0,0,4,7,Low
Design,Critical,53,1,110505,79,1,1,0,13,6,High
Process,Medium,53,9,101297,38,0,0,0,14,0,Medium
Material,Low,49,13,9176,71,0,1,0,9,5,Low
Documentation,High,22,12,135541,37,1,1,0,10,4,High
Design,Medium,27,13,82681,78,1,1,0,9,5,High
Documentation,Low,2,2,52656,20,0,0,0,11,2,Low
Documentation,High,17,7,57727,74,1,1,1,16,7,Medium
Design,Medium,43,10,127338,8,0,1,0,14,6,High
Design,High,21,9,70009,3,1,0,1,5,4,High
Documentation,Medium,29,11,37252,32,0,0,0,4,0,Low
Design,Medium,8,3,64001,22,1,0,0,13,0,Low
Supplier,Low,30,6,10730,59,1,0,0,12,3,Low
Documentation,High,43,6,23397,21,1,1,0,7,5,Medium
Supplier,Low,34,14,47529,30,1,0,0,16,9,Medium
Material,High,33,3,33432,13,1,1,0,8,7,Medium
Material,High,54,4,52719,106,0,1,1,6,4,Medium
Design,High,14,0,10188,88,1,1,0,11,2,Low
Documentation,Low,18,2,91703,27,0,1,0,3,1,Low
Material,Medium,37,14,17735,16,1,1,0,13,1,High
Design,Medium,29,12,32936,102,0,1,0,17,0,Medium
Design,Medium,58,3,146695,80,1,1,0,18,9,High
Documentation,Critical,4,10,1383,106,0,0,0,8,0,Low
Design,Medium,8,8,42328,23,1,1,0,5,8,Medium
Documentation,High,21,13,75278,44,0,0,0,9,5,Low
Process,Low,28,4,46400,15,0,1,0,2,6,Low
Documentation,Medium,53,14,48419,51,0,0,0,13,9,Low
Documentation,Low,30,5,19502,21,1,0,0,8,7,Low
Documentation,High,26,10,63798,2,0,1,0,2,1,Medium
Documentation,Low,10,5,113397,61,0,1,1,10,9,Low
Design,Medium,26,10,88392,117,0,0,0,14,1,Low
Software,High,32,5,138659,78,0,1,0,4,5,Medium
Supplier,Medium,35,12,105105,91,1,0,0,8,6,High
Supplier,Low,36,9,118567,97,0,0,0,17,2,Medium
Documentation,Low,26,4,65036,116,0,1,0,14,6,Low
Documentation,Medium,10,14,92086,17,0,0,0,15,6,Low
Process,Medium,10,10,86933,31,0,0,1,8,9,Low
Supplier,Low,10,6,122078,74,1,1,0,9,9,Medium
Supplier,Medium,37,2,75412,98,0,1,0,9,3,Low
Material,Low,51,14,60932,93,0,1,0,9,6,Medium
Material,Medium,53,11,10972,87,1,1,0,2,8,High
Material,Medium,19,10,128994,38,1,0,0,0,0,High
Design,Low,5,12,65612,45,0,1,0,16,6,Low
Design,Low,38,9,119878,11,1,0,0,10,9,Medium
Software,Low,3,3,101879,39,1,1,0,10,1,Low
Material,Low,37,3,757,20,0,0,0,11,7,Low
Documentation,Medium,23,1,97876,112,1,0,0,8,0,Low
Process,Critical,50,0,73425,12,0,0,0,17,4,Medium
Design,High,37,10,36345,44,0,1,0,9,8,Medium
Design,Medium,44,12,40060,106,1,1,1,10,9,High
Design,Medium,24,2,95874,114,1,0,0,10,7,Low
Documentation,Medium,50,8,13391,46,1,1,0,3,7,Medium
Design,High,31,1,91143,56,0,1,0,3,2,Medium
Supplier,Low,37,6,127006,63,0,1,1,3,8,High
Documentation,Medium,22,11,13483,99,1,1,0,5,6,Low
Documentation,Medium,27,12,1688,92,0,0,0,3,9,Low
Design,Low,50,14,9559,63,1,0,0,4,6,Medium
Design,Medium,24,4,109659,45,0,0,1,18,0,Low
Design,High,2,14,127244,45,0,1,0,7,5,Medium
Design,Critical,23,11,148234,78,0,0,0,15,7,Medium
Design,Low,24,5,4810,100,1,0,0,7,7,Low
Supplier,Medium,25,4,72561,11,0,1,0,16,3,Low
Documentation,Medium,5,1,7701,92,1,0,0,15,1,Low
Supplier,Medium,8,13,56000,58,1,1,0,16,8,Medium
Process,Medium,20,3,46538,19,0,0,0,5,8,Low
Design,Low,26,4,91072,13,0,0,0,1,8,Low
Software,High,2,6,136395,41,1,1,0,6,6,Medium
Process,Critical,23,2,120802,31,0,1,0,14,8,Low
Documentation,High,19,12,10010,14,0,1,0,13,4,Low
Documentation,High,3,10,36417,36,1,0,0,14,7,Low
Material,Medium,15,2,41597,100,0,1,0,19,4,Low
Design,Medium,17,2,37979,86,1,0,0,4,7,Low
Design,Low,9,0,53308,26,0,1,0,8,1,Low
Material,Medium,45,14,91273,81,0,1,1,9,2,High
Documentation,Low,5,6,111067,55,1,0,1,2,2,Medium
Material,High,35,9,141012,90,1,0,0,13,4,High
Software,Medium,40,2,105586,31,0,1,0,0,8,Medium
Supplier,Medium,48,3,45116,9,1,1,1,17,1,High
Design,Medium,33,8,28023,38,1,1,0,1,7,Medium
Material,Critical,33,3,56824,119,0,0,0,2,8,Low
Process,Low,45,9,120048,67,0,0,0,3,6,Medium
Process,Low,51,13,149003,8,0,1,0,17,6,High
Material,Low,13,4,59148,117,1,1,0,17,1,Low
Design,High,47,9,26845,99,1,0,1,18,6,Medium
Software,Critical,28,13,1240,66,0,0,0,16,2,Low
Design,Low,6,13,12006,89,1,0,0,18,2,Low
Documentation,Critical,37,0,95712,23,1,0,0,9,8,Low
Design,Medium,58,1,88668,71,1,0,0,0,6,Medium
Design,Medium,9,14,96677,109,1,1,0,8,9,Medium
Supplier,Low,1,13,4127,53,0,1,1,4,4,Low
Supplier,Medium,55,4,65826,6,0,1,0,4,3,High
Supplier,High,36,7,27474,91,1,1,0,13,9,Medium
Material,Medium,13,8,50809,88,0,0,0,3,6,Low
Documentation,Low,47,10,93520,89,0,1,0,6,8,Low
Supplier,High,24,11,41720,78,1,1,0,7,0,Medium
Supplier,Critical,20,5,99097,18,1,0,0,1,5,High
Material,Medium,18,13,43729,15,1,0,0,14,8,Medium
Design,Medium,36,0,76808,95,1,0,0,15,8,Low
Process,High,8,0,69135,102,1,0,0,11,7,Low
Design,Low,22,14,57870,11,0,0,0,0,1,Medium
Process,High,18,2,19342,70,0,1,1,15,5,Low
Design,Medium,4,14,86641,61,0,1,1,8,1,High
Documentation,High,46,4,148518,43,1,1,0,5,8,Medium
Supplier,Low,1,5,96686,78,1,0,1,18,6,Low
Documentation,Medium,57,0,111996,109,1,1,0,17,1,Medium
Supplier,Medium,6,14,120620,98,1,0,0,8,7,Medium
Design,Medium,22,5,6212,20,1,0,0,8,7,Low
Documentation,High,6,2,119016,56,0,1,0,18,0,Low
Process,Critical,22,7,36748,112,1,1,0,3,0,Medium
Software,Low,37,2,99887,29,1,1,0,8,2,Medium
Material,Medium,6,11,147586,102,1,0,0,11,0,Medium
Process,Medium,32,1,134187,59,0,0,0,6,5,Low
Documentation,Medium,46,7,62457,63,1,0,0,6,8,Medium
Process,Medium,27,5,125784,31,0,0,0,2,0,Low
Material,High,7,0,92980,110,0,0,1,5,6,Low
Process,High,41,0,20420,64,0,0,0,7,4,Low
Process,Low,12,7,36366,69,0,0,0,16,8,Low
Documentation,Medium,1,5,143523,56,1,1,0,6,4,Low
Material,Medium,26,1,137324,12,0,0,0,3,6,Medium
Material,Medium,16,2,133815,94,0,0,0,16,9,Low
Software,Low,2,12,57939,40,1,1,0,7,1,Low
Supplier,Medium,46,10,48478,30,1,1,0,18,3,Medium
Software,Medium,36,9,120998,94,1,1,0,2,2,High
Supplier,Low,54,12,3517,25,0,0,0,0,1,Medium
Design,High,29,1,134673,82,0,0,0,18,6,Low
Software,Medium,26,10,90794,57,1,1,0,1,0,Medium
Design,Medium,50,11,95089,96,0,1,0,0,3,High
Design,Medium,5,3,66043,7,1,1,0,12,1,Low
Process,High,22,8,146905,93,0,1,0,6,6,Medium
Software,Low,48,11,112560,29,0,0,0,9,7,Medium
Documentation,Low,18,9,8548,104,1,1,0,8,4,Low
Design,Medium,53,3,78927,43,0,0,0,5,4,Medium
Design,Medium,17,9,129013,2,1,1,0,9,4,High
Documentation,Medium,25,11,11935,59,0,0,0,5,1,Low
Design,High,53,0,110662,8,1,1,0,4,3,High
Design,Low,15,8,37080,33,0,1,0,4,9,Low
Design,Low,58,7,76225,86,0,1,1,2,0,High
Supplier,Medium,3,5,132437,68,1,1,0,10,7,Medium
Documentation,High,16,0,74103,85,1,0,0,10,1,Low
Software,High,35,1,6134,105,1,1,0,0,1,Medium
Process,High,36,11,3605,57,1,0,0,9,2,Medium
Design,Medium,54,12,110632,66,0,0,0,14,2,High
Material,High,57,6,139672,8,1,1,0,0,3,High
Supplier,High,40,14,44145,35,1,0,0,6,8,Medium
Design,Low,39,13,140343,87,1,0,0,19,9,Medium
Design,Medium,19,9,68169,9,0,1,0,8,6,Low
Material,High,48,8,9277,44,1,1,0,0,1,High
Design,Medium,38,14,79885,18,0,1,0,10,9,Medium
Supplier,High,2,9,146071,103,0,1,0,8,8,Medium
Process,Medium,50,14,37887,68,0,1,1,4,0,High
Design,Medium,22,14,144114,78,1,0,0,1,3,Medium
Supplier,Low,29,2,97968,82,0,1,0,17,7,Low
Software,High,29,9,59713,28,0,0,0,16,0,Medium
Software,High,49,10,104169,7,1,1,1,13,0,High
Software,Low,16,12,60413,48,0,0,0,0,6,Low
Material,Medium,24,5,13216,23,0,1,0,17,3,Low
Documentation,Low,3,12,130679,39,1,1,1,9,4,High
Design,Low,21,7,56402,39,1,1,0,9,7,Low
Material,Critical,6,5,85081,94,0,1,0,17,5,Low
Design,Medium,35,2,111784,39,0,1,1,8,7,Medium
Supplier,Medium,53,4,12894,19,0,1,1,4,1,High
Material,Medium,28,14,108384,115,1,1,0,4,0,High
Design,Critical,54,10,55103,7,0,0,0,18,2,High
Software,Medium,58,10,81918,26,0,1,0,10,2,High
Material,High,4,13,68839,42,0,0,0,11,3,Low
Design,Medium,31,4,116762,9,0,0,0,11,7,Low
Design,Low,32,9,28538,108,1,1,0,4,1,Medium
Material,High,23,5,16592,43,0,1,0,8,1,Low
Material,Low,49,12,61937,94,1,1,0,19,2,High
Material,High,24,6,18172,17,0,1,1,2,3,High
Design,Medium,4,12,36787,63,0,1,0,19,1,Low
Software,High,33,11,98794,16,0,0,0,5,1,High
Documentation,High,12,11,122905,29,0,1,0,5,5,Low
Supplier,High,21,13,104153,50,0,1,0,0,1,High
Process,Low,30,11,47999,103,1,1,0,13,1,Medium
Documentation,High,43,4,122271,38,1,0,0,6,8,Low
Documentation,Critical,17,7,61210,91,1,1,0,9,0,Medium
Process,Low,23,7,27565,12,0,0,0,11,0,Low
Documentation,Medium,5,0,113558,31,0,0,0,12,0,Low
Documentation,High,23,8,77757,73,1,0,0,19,5,Low
Software,Low,35,6,55902,57,1,1,1,11,6,Medium
Supplier,High,37,5,99294,61,1,1,0,3,6,High
Design,High,18,1,108851,82,1,0,0,14,6,Low
Design,Low,4,7,33943,11,1,1,0,1,0,Low
Supplier,Medium,35,8,18032,84,1,1,1,16,3,Medium
Supplier,Medium,39,1,77780,103,1,1,0,5,6,Medium
Material,Medium,6,9,8204,92,1,1,0,14,6,Low
Supplier,High,30,2,95947,35,0,0,0,3,3,Low
Supplier,Low,6,2,66252,43,0,0,0,8,8,Low
Documentation,Medium,27,6,32560,115,1,1,0,13,8,Low
Design,High,38,5,89988,95,1,0,1,12,7,Medium
Design,Low,43,13,56646,111,1,0,0,0,7,Medium
Software,High,43,1,58568,109,1,0,0,0,9,Low
Documentation,Low,45,5,32842,53,1,0,0,19,7,Low
Documentation,Medium,15,11,101574,17,0,0,0,10,5,Low
Documentation,Low,50,3,135489,28,0,0,0,17,3,Low
Documentation,High,21,14,92992,36,0,0,0,1,3,Low
Material,High,23,11,35901,100,1,1,1,9,8,Medium
Material,High,47,14,125091,34,1,0,0,11,2,High
Design,Critical,20,14,18564,44,0,0,0,18,6,Low
Process,High,5,1,43821,102,0,0,1,14,5,Low
Documentation,High,43,6,5755,21,0,1,0,12,3,Low
Material,Medium,40,11,127333,80,1,0,0,5,4,High
Supplier,Critical,35,0,7220,67,0,1,1,19,0,Medium
Design,Medium,9,6,82164,118,1,0,0,6,7,Low
Design,High,38,10,29142,59,0,0,0,5,0,Medium
Design,Low,12,11,32224,63,0,0,1,14,0,Low
Design,Medium,33,6,91427,102,1,1,0,19,2,Medium
Documentation,High,30,12,120664,119,1,0,0,17,5,Medium
Material,Low,46,10,3138,88,1,0,0,3,2,Medium
Documentation,Low,58,0,24215,84,0,0,0,16,8,Low
Process,Critical,12,4,43368,105,0,0,0,7,9,Low
Design,Medium,7,14,141561,117,0,1,0,4,3,High
Design,Low,33,0,9195,88,1,0,0,18,9,Low
Software,Medium,57,1,27185,36,0,0,0,18,0,Low
Design,Medium,10,5,60846,77,1,1,0,7,1,Low
Documentation,Medium,29,14,49177,29,0,0,0,0,3,Medium
Design,Critical,25,10,7762,61,1,1,0,4,9,Medium
Process,Critical,19,2,81258,54,0,1,0,10,5,Low
Software,High,40,5,91327,118,1,1,0,1,7,Medium
Design,High,18,14,26960,67,1,0,0,4,6,Low
Design,Medium,30,3,103419,115,0,1,0,2,4,Medium
Documentation,High,50,8,8982,97,1,1,1,19,9,Medium
Design,Low,23,6,109834,102,0,0,0,7,9,Low
Material,Low,2,11,39243,21,1,0,0,7,4,Low
Material,Critical,53,11,34039,93,1,1,1,8,7,High
Design,High,17,12,29860,31,0,1,0,0,6,Low
Software,Medium,46,1,130340,70,0,0,0,10,5,Low
Software,High,46,6,75564,59,0,1,0,18,1,Medium
Material,Medium,32,10,103698,32,1,0,0,16,2,Medium
Documentation,Medium,6,6,30991,118,0,0,0,5,9,Low
Design,Medium,57,10,8969,105,1,1,0,0,2,High
Design,Low,41,9,6209,69,1,1,0,15,6,Low
Process,Medium,26,5,66394,3,1,0,1,16,9,Medium
Documentation,Medium,51,1,49303,23,1,1,0,18,6,Low
Design,Medium,47,14,115279,28,0,0,0,11,2,High
Design,Low,45,12,118366,116,1,1,0,9,8,Medium
Supplier,Critical,10,13,46978,49,1,0,0,15,0,Medium
Software,Medium,38,4,65317,7,0,1,0,13,7,Medium
Design,High,17,4,57543,71,1,0,0,15,2,Low
Material,Low,5,4,101425,114,0,0,0,5,6,Low
Software,Medium,20,0,94625,68,0,1,0,18,4,Low
Material,High,7,2,97836,54,1,0,0,0,5,Low
Design,Medium,7,4,8794,22,0,0,0,1,3,Low
Design,Low,43,14,51022,105,1,1,0,13,5,High
Material,Medium,30,3,145056,14,0,1,0,11,9,Medium
Supplier,Medium,24,7,51600,112,1,0,0,11,8,Low
Documentation,Medium,12,8,26584,28,0,0,0,18,4,Low
Process,Medium,46,5,30341,18,1,0,0,17,9,Low
Process,Medium,38,13,4487,43,1,1,0,14,8,Medium
Documentation,Medium,35,1,117229,2,1,0,0,3,6,Low
Material,Low,12,13,1295,3,1,1,0,1,5,Medium
Material,Medium,8,11,89620,24,1,1,1,2,0,High
Documentation,High,8,4,60233,83,0,1,0,12,5,Low
Design,Low,2,11,14655,98,1,1,0,14,2,Low
Software,Low,58,6,132695,31,1,1,0,15,1,High
Software,Low,22,14,111424,78,0,0,0,2,8,Medium
Design,Low,39,0,123054,43,0,1,0,5,2,Low
Supplier,Medium,58,0,140529,53,1,1,0,6,6,High
Design,Low,56,8,136850,41,0,1,0,12,8,Medium
Design,Medium,19,13,105247,107,1,1,0,0,5,Medium
Supplier,Critical,29,0,80300,62,0,1,0,16,7,Low
Design,Critical,28,11,104701,61,1,0,0,1,7,Medium
Software,Low,2,14,67587,103,1,0,0,10,4,Low
Documentation,Medium,46,7,27607,79,1,1,0,18,9,Low
Software,Medium,34,13,58186,19,1,0,1,3,9,High
Design,High,22,11,70302,24,1,1,0,13,3,Medium
Design,High,33,3,7439,42,1,1,0,10,8,Medium
Design,Low,44,12,127196,13,0,0,0,16,1,High
Design,Low,1,10,136473,83,1,0,0,11,1,Low
Documentation,Medium,39,0,63287,60,1,0,0,16,5,Low
Material,High,51,8,74678,7,0,0,0,8,6,Medium
Design,High,43,9,126225,49,0,1,0,3,5,High
Documentation,Low,37,12,68532,99,1,1,0,13,7,Low
Material,Medium,6,11,103376,109,1,1,0,19,3,Medium
Design,Low,44,7,77517,115,0,0,0,8,8,Low
Design,High,45,4,41034,110,0,0,0,16,9,Low
Process,Critical,30,2,119226,73,0,0,1,17,0,Medium
Software,Medium,35,1,29311,111,1,0,0,12,4,Low
Design,Low,37,9,34058,114,1,1,0,15,2,Low
Documentation,Medium,8,14,103862,76,0,1,0,11,6,Low
Documentation,Medium,16,1,106630,50,0,0,0,16,4,Low
Documentation,High,47,10,143192,115,0,1,0,6,2,High
Design,Medium,58,8,106760,50,0,0,0,10,2,Medium
Design,High,16,2,4193,21,1,1,0,1,3,Low
Documentation,Medium,24,3,127508,14,0,0,0,3,1,Medium
Material,Low,55,4,62380,68,1,0,1,11,1,High
Process,Medium,10,10,1798,6,0,0,1,14,6,Medium
Software,Low,16,4,87067,15,0,0,0,0,9,Low
Design,Medium,4,12,25974,30,1,0,0,1,5,Low
Software,High,14,5,62688,64,1,1,0,0,9,Low
Documentation,Low,38,1,70921,58,0,1,1,10,1,Medium
Software,Low,21,1,11595,62,1,1,0,6,9,Low
Material,Low,59,6,127655,61,1,0,0,1,5,High
Documentation,Low,53,6,76797,119,0,1,1,15,7,Medium
Supplier,High,53,11,144784,27,1,0,0,10,0,High
Software,Critical,43,7,69995,57,1,0,0,0,6,High
Documentation,Low,42,2,89432,74,1,1,0,13,3,Medium
Software,High,31,3,121944,34,0,1,0,18,8,Low
Design,High,59,8,32214,23,0,0,0,8,7,Medium
Design,Critical,6,5,136389,7,1,1,0,18,8,Medium
Design,Medium,43,10,28095,40,1,0,0,8,8,Medium
Supplier,Medium,9,13,149394,31,1,0,1,1,7,High
Supplier,Medium,21,5,96096,25,0,0,0,2,2,Low
Process,High,16,8,78054,34,1,0,0,1,2,Medium
Material,High,36,12,31905,84,0,0,0,6,8,Medium
Software,Medium,47,3,85579,99,0,1,0,7,6,Low
Documentation,Low,5,7,83186,62,1,0,0,8,8,Low
Design,High,36,4,147567,9,1,1,0,9,7,High
Software,High,14,9,125304,88,0,0,0,17,6,Low
Process,Medium,5,11,72692,19,0,0,1,0,1,Medium
Supplier,High,25,2,58778,8,1,1,0,17,9,Medium
Design,Medium,35,2,58370,69,1,1,0,4,2,Medium
Software,Medium,12,0,57081,52,0,1,0,19,2,Low
Documentation,Medium,23,0,2530,38,1,0,0,2,1,Low
Software,High,57,0,5902,116,1,1,1,2,0,High
Documentation,Critical,21,10,112835,12,1,0,0,2,3,High
Documentation,Medium,59,13,38485,8,1,0,0,5,8,High
Material,Medium,50,6,61987,71,0,0,0,18,8,Low
Process,Medium,22,13,104879,51,1,1,0,9,4,High
Supplier,Low,35,10,91321,96,1,1,0,3,3,High
Documentation,Medium,42,12,54378,6,0,1,0,12,3,Medium
Design,Low,28,11,112987,51,0,1,0,10,9,Low
Material,Medium,25,2,24165,19,0,0,0,14,0,Low
Documentation,Low,20,7,71159,6,1,0,0,14,0,Low
Design,Medium,9,7,16312,56,1,1,0,15,0,Low
Software,High,2,9,79976,88,0,1,0,3,8,Low
Material,Low,20,11,14710,20,1,1,0,9,0,Medium
Documentation,Medium,47,1,141263,101,0,1,0,12,9,Low
Documentation,Critical,14,10,99040,63,0,0,0,11,1,Low
Material,Medium,11,12,37194,58,0,1,0,19,5,Low
Software,Low,20,1,92086,110,0,1,0,19,9,Low
Material,Medium,36,6,52823,40,1,0,0,16,1,Low
Process,Medium,13,13,78018,25,1,0,0,4,2,Medium
Process,Medium,14,0,25517,94,0,0,0,10,7,Low
Documentation,Low,7,2,75298,14,1,0,0,16,8,Low
Design,Medium,20,12,16463,104,0,1,0,5,9,Low
Design,Medium,13,2,23393,99,1,0,0,14,0,Low
Process,Medium,50,10,87809,117,1,1,0,4,7,High
Supplier,Medium,54,13,75340,56,1,0,0,2,3,High
Supplier,Low,22,7,44391,75,1,0,0,4,5,Low
Design,Medium,6,7,9460,106,0,1,0,18,9,Low
Material,High,6,6,63815,17,0,0,1,19,9,Low
Documentation,Medium,20,5,138915,38,0,1,0,17,1,Low
Design,Medium,28,5,106356,57,0,0,1,5,4,Medium
Material,Medium,32,8,9175,76,1,0,0,15,2,Low
Documentation,Medium,18,13,140713,82,1,1,0,4,6,Medium
Design,Critical,21,14,63817,110,1,1,0,2,8,High
Software,Medium,17,12,86581,59,0,0,0,5,3,Low
Design,Low,31,1,585,22,0,1,0,2,1,Low
Documentation,Critical,42,4,46857,24,1,0,0,12,0,Medium
Software,High,3,11,118029,96,1,1,1,13,0,High
Documentation,High,29,8,49937,56,0,1,0,0,3,Low
Design,Low,39,5,25342,76,0,1,1,2,9,Low
Supplier,Low,40,4,14053,68,0,1,0,9,2,Medium
Software,Medium,34,1,138774,97,0,1,0,2,4,Medium
Design,Low,31,4,122022,27,1,1,0,16,6,Medium
Design,Low,41,6,7074,22,1,1,0,8,6,Medium
Design,High,23,6,138820,88,0,1,1,8,2,High
Documentation,Medium,34,8,123207,53,0,0,0,0,1,Medium
Process,Low,19,4,54308,98,1,1,0,14,1,Low
Process,Low,26,3,98667,17,0,1,0,14,2,Low
Software,Medium,8,13,39063,34,1,1,0,15,0,Medium
Supplier,Medium,21,6,37835,115,1,0,1,10,4,Medium
Supplier,High,9,3,107318,101,0,0,0,5,6,Low
Material,Low,14,9,30761,9,0,0,0,1,6,Low
Process,Low,25,8,53599,98,0,1,0,6,9,Low
Design,Medium,30,8,53972,9,0,0,0,10,2,Low
Documentation,Medium,56,3,22963,16,1,1,0,2,6,Medium
Software,Medium,2,10,124346,107,1,0,0,1,8,Low
Material,Critical,54,2,101236,16,0,0,0,4,0,High
Process,Medium,20,12,129362,37,0,1,0,1,7,High
Design,Medium,43,6,78827,17,1,0,0,0,0,High
Documentation,Critical,40,6,26705,72,1,1,0,9,5,Medium
Documentation,Low,58,5,42286,8,1,0,0,14,8,Low
Documentation,Critical,7,6,53340,35,0,0,1,9,4,Low
Material,Medium,58,9,141323,40,0,1,1,1,5,High
Design,Medium,4,7,36004,78,0,1,0,6,6,Low
Design,Critical,52,1,104115,60,0,1,0,0,5,Medium
Design,Medium,39,8,18835,24,1,0,0,12,7,Low
Design,Medium,29,4,143418,56,0,1,1,4,8,Medium
Design,Medium,24,1,97144,56,0,1,1,7,1,Medium
Documentation,High,6,12,64886,43,0,1,0,18,4,Low
Design,Medium,48,4,52207,64,1,0,0,11,8,Medium
Design,Low,43,8,53505,40,1,1,0,15,3,Low
Documentation,High,56,2,34194,41,1,0,0,6,4,Low
Process,Medium,44,5,90170,94,0,0,1,18,7,Medium
Software,Medium,57,5,129966,31,1,1,1,14,9,High
Process,Low,53,2,36560,40,0,1,1,10,2,Medium
Documentation,Medium,26,14,112373,18,0,1,0,11,9,Medium
Process,Low,42,4,85144,84,0,0,0,12,7,Low
Supplier,Low,16,8,116177,85,0,0,1,3,0,Medium
Process,Medium,47,8,115579,82,1,1,0,5,8,High
Material,Low,36,6,6359,21,1,0,0,13,3,Low
Material,Medium,26,8,3672,55,1,1,0,8,2,Medium
Supplier,High,38,8,137312,36,0,0,0,15,5,Medium
Design,Medium,17,1,23736,92,1,1,0,10,5,Low
Software,Critical,37,10,86423,41,1,1,1,1,5,High
Design,Critical,29,1,113086,51,0,1,0,13,0,Medium
Design,Medium,19,6,75818,55,1,0,0,12,8,Low
Design,Critical,58,5,1421,91,0,1,0,7,3,Medium
Documentation,High,4,6,2082,84,0,0,0,15,1,Low
Material,Medium,45,1,100597,98,0,1,0,7,5,Medium
Process,High,13,10,134700,52,0,1,0,2,6,Medium
Documentation,Low,14,6,51842,98,0,1,0,2,1,Low
Design,High,10,0,81811,104,1,1,0,18,9,Low
Software,Medium,7,0,140098,63,1,1,0,7,6,Low
Material,Low,8,8,123860,82,1,0,0,8,9,Low
Design,Medium,50,9,81306,109,0,1,0,6,6,Medium
Process,Critical,55,8,98498,100,0,1,0,14,0,High
Documentation,Medium,35,10,144213,34,0,1,0,12,2,Medium
Design,Low,1,11,119605,86,1,0,0,17,9,Low
Supplier,Low,52,13,62670,54,0,1,0,17,5,Medium
Design,Medium,36,14,104093,19,1,0,0,19,1,High
Supplier,High,31,13,49672,45,0,0,0,6,0,Medium
Process,High,56,11,138184,117,0,1,0,11,5,High
Process,Medium,25,6,14483,115,0,0,0,6,5,Low
Process,Low,22,7,34209,94,0,0,0,14,2,Low
Design,Low,47,9,52228,118,0,1,0,14,1,Low
Process,Medium,32,2,30713,69,1,0,0,5,6,Low
Process,High,43,10,89461,91,0,1,0,17,4,Medium
Process,High,42,8,107024,21,1,1,1,5,0,High
Design,Medium,50,7,133620,37,1,0,0,19,0,High
Material,Medium,19,12,75458,22,1,1,0,17,2,High
Material,Medium,5,10,93392,112,1,0,0,0,5,Medium
Design,Medium,29,13,90074,74,0,1,0,7,3,Medium
Design,Medium,39,14,1009,112,0,0,1,7,0,Medium
Material,High,49,12,106427,51,1,1,1,16,9,High
Software,Medium,16,4,3976,49,0,1,0,14,6,Low
Design,Critical,44,2,82340,81,1,0,0,1,5,Medium
Documentation,Medium,50,4,149970,69,1,1,1,16,2,High
Supplier,Low,48,10,118260,45,1,1,0,4,7,High
Software,Low,48,12,76218,39,0,1,1,7,9,Medium
Supplier,Medium,59,13,48170,62,0,0,0,3,6,Medium
Supplier,Medium,40,10,125662,10,1,0,1,3,2,High
Process,Medium,22,10,128919,24,0,1,0,10,3,High
Documentation,High,26,14,55517,7,0,0,0,1,9,Medium
Supplier,Medium,45,10,16597,20,1,0,1,1,0,High
Supplier,High,14,2,87544,25,0,0,0,15,2,Low
Process,High,36,7,95283,10,0,0,1,6,1,High
Software,Medium,34,5,140143,8,1,0,0,12,6,Medium
Design,Medium,40,9,133574,98,0,0,0,19,4,Medium
Supplier,Low,25,9,34744,23,1,1,0,1,1,Medium
Supplier,Medium,44,4,38277,67,1,1,0,15,9,Low
Documentation,High,5,4,149551,13,1,1,0,2,5,High
Supplier,Critical,45,1,49361,113,0,0,0,15,2,Low
Supplier,Medium,48,4,69029,30,0,1,0,6,9,Medium
Documentation,Medium,53,12,46163,90,1,1,0,2,6,High
Supplier,High,55,9,59304,77,0,1,0,4,1,High
Design,High,21,14,84857,92,1,1,0,7,8,Medium
Design,Medium,3,13,44222,76,1,0,1,14,0,Medium
Design,High,39,12,62224,62,1,1,0,13,9,Medium
Design,Low,6,2,53221,93,1,1,0,14,3,Low
Material,Low,17,5,16639,98,0,0,0,0,2,Low
Software,Low,42,0,118110,46,1,0,0,19,0,Low
Software,Low,36,1,133747,113,1,0,1,8,9,Medium
Design,High,36,3,74057,118,1,0,0,2,5,Low
Supplier,Medium,45,4,31099,87,1,1,0,18,6,Low
Design,Medium,10,0,96636,111,0,1,0,15,8,Low
Documentation,Medium,47,12,80344,14,1,1,0,1,5,High
Design,Medium,35,7,82907,65,1,1,0,8,2,High
Process,Medium,25,9,89423,78,0,0,0,18,7,Low
Material,Low,28,9,107825,111,0,0,0,13,5,Low
Process,High,31,14,6592,16,0,1,0,3,2,High
Material,Low,33,2,15362,97,1,1,0,14,8,Low
Software,High,20,5,14808,11,1,0,0,3,8,Low
Design,Low,14,4,23617,44,0,1,0,7,2,Low
Documentation,High,10,8,145767,83,0,0,0,3,6,Low
Supplier,High,21,7,109638,36,1,1,0,13,9,High
Software,Low,16,11,99844,100,1,0,0,18,7,Low
Documentation,Low,31,8,104978,111,1,0,0,0,1,Medium
Documentation,Critical,54,3,5517,20,0,0,0,12,8,Low
Design,Medium,7,8,32390,32,1,1,0,4,0,Medium
Design,Medium,19,14,119232,10,0,0,0,15,6,Medium
Design,Low,3,8,69683,85,1,0,0,2,5,Low
Design,Medium,58,8,76527,106,1,1,0,7,0,High
Process,Medium,42,2,112662,72,1,1,0,4,7,High
Documentation,High,15,0,11742,17,1,0,1,17,2,Low
Documentation,Medium,25,3,119898,22,0,1,0,1,8,Low
Supplier,High,43,0,102272,6,1,1,0,11,8,High
Process,High,57,6,60840,59,0,0,1,2,5,High
Documentation,Low,34,13,75153,87,0,1,0,11,6,Low
Documentation,Medium,16,6,11598,19,1,0,0,15,0,Low
Design,Low,42,9,31135,102,1,1,0,15,8,Low
Supplier,Medium,41,12,37332,31,0,0,0,0,6,Medium
Documentation,Medium,38,11,131716,62,1,0,0,15,3,Medium
Material,Medium,3,9,17349,80,0,1,1,5,0,Medium
Material,Low,42,11,44061,65,0,1,0,13,5,Medium
Documentation,High,2,4,20196,58,0,1,0,19,9,Low
Documentation,Medium,54,6,43041,41,0,0,1,2,8,Medium
Documentation,Medium,53,5,2087,52,0,1,0,7,0,Low
Software,Medium,34,11,41279,30,0,1,0,17,7,Low
Design,Low,39,6,108699,36,0,1,0,2,0,Medium
Material,High,5,14,115234,91,1,0,0,5,3,High
Supplier,Medium,52,2,57218,106,1,1,0,10,4,Medium
Supplier,Medium,16,2,106064,102,0,1,0,19,0,Low
Supplier,Low,16,10,92993,41,0,0,0,5,1,Medium
Process,Medium,42,11,135520,39,1,0,0,7,8,High
Material,Medium,56,10,120794,8,0,1,0,15,6,High
Software,Medium,30,4,34786,34,0,1,0,2,7,Low
Material,High,30,0,88500,71,0,0,0,6,5,Low
Material,High,33,4,118061,33,1,0,0,6,4,Medium
Design,Low,18,6,46192,88,0,1,0,8,0,Low
Design,High,36,6,86170,7,1,0,1,11,5,High
Documentation,Medium,57,13,60338,50,0,0,0,4,7,Medium
Material,Critical,23,12,46647,35,1,1,0,7,2,High
Design,Low,46,11,30301,60,1,1,0,18,4,Medium
Software,Medium,46,0,5800,5,0,0,0,16,4,Low
Supplier,Medium,51,1,112602,51,0,1,0,19,8,Medium
Design,Medium,43,6,122932,95,0,1,0,13,1,Medium
Material,High,55,9,97933,103,1,1,0,11,1,High
Design,Medium,43,10,36540,32,1,1,0,4,2,High
Process,Low,58,4,3314,52,0,0,0,3,1,Low
Design,Medium,43,1,94945,83,0,1,1,10,8,Medium
Design,High,50,4,30387,56,0,0,1,8,2,Medium
Design,High,53,11,82555,66,1,1,0,15,3,High
Process,Medium,59,14,145548,42,1,1,0,0,2,High
Design,Medium,36,14,1165,100,0,1,0,17,8,Low
Documentation,Low,42,8,86792,76,0,0,0,3,6,Low
Design,High,58,1,149154,115,0,1,1,7,4,High
Process,High,23,14,50478,94,1,0,0,7,7,Medium
Material,Medium,8,2,122242,45,0,0,0,18,0,Low
Material,High,53,4,124303,40,1,1,0,14,6,High
Design,Low,38,14,73227,12,1,1,1,0,3,High
Software,High,26,7,46376,75,0,0,0,17,3,Low
Documentation,Low,43,2,102211,90,1,1,0,13,1,Medium
Design,Low,2,7,93108,43,1,1,0,1,0,Low
Design,Medium,29,1,71750,4,0,0,0,15,6,Low
Documentation,Medium,16,4,29313,99,0,1,0,0,8,Low
Supplier,Critical,18,14,111815,28,0,0,0,8,9,Medium
Design,Medium,58,4,32102,70,0,0,0,3,2,Medium
Design,High,33,13,20582,8,0,0,0,0,7,Medium
Process,High,9,8,10548,9,1,1,0,11,1,Medium
Software,High,22,9,67229,107,1,1,0,13,7,Medium
Process,Critical,15,10,18454,81,1,0,0,9,5,Low
Documentation,Medium,54,8,50662,2,1,0,0,6,8,Medium
Supplier,Medium,18,0,36648,13,0,1,0,10,0,Low
Material,Low,22,13,69218,60,0,1,0,3,7,Medium
Supplier,Medium,20,7,116755,82,1,1,0,0,4,High
Material,High,11,9,67845,52,1,1,0,3,5,Medium
Design,Medium,47,8,83787,104,0,1,0,1,5,Medium
Design,Medium,35,9,21892,79,1,1,1,15,7,Medium
Material,Low,26,5,17403,74,0,0,1,12,5,Low
Process,Medium,24,12,146485,36,1,0,0,3,4,High
Design,High,40,3,93185,82,1,0,0,11,4,Medium
Material,Medium,6,9,2816,105,0,1,0,9,0,Low
Process,High,55,8,84988,7,1,1,1,2,7,High
Process,Medium,34,7,2005,88,1,1,0,19,7,Low
Software,High,14,0,12038,105,1,0,0,18,5,Low
Software,Medium,32,5,56329,53,1,0,0,15,7,Low
Process,Medium,51,0,98639,92,0,1,0,16,2,Medium
Design,Low,11,7,93246,44,0,0,0,10,2,Low
Supplier,Medium,31,10,118752,24,0,1,0,16,9,Medium
Process,High,36,7,27358,98,0,0,0,10,9,Low
Design,Medium,48,11,29154,38,1,1,1,3,8,High
Design,Low,34,5,80212,91,0,1,0,3,0,Medium
Design,High,44,4,130370,39,1,0,1,17,5,Medium
Supplier,Low,46,6,108554,49,0,0,0,8,7,Medium
Material,Medium,53,3,100559,82,0,1,0,14,0,Medium
Design,Critical,22,12,14562,42,0,0,1,2,9,Medium
Documentation,Medium,42,12,131761,97,0,1,1,8,7,High
Documentation,High,15,6,147671,6,1,0,0,1,3,High
Design,Medium,50,11,87551,3,1,0,1,4,5,High
Documentation,High,57,0,50836,11,1,0,0,2,9,Medium
Design,High,18,2,99550,32,1,0,0,4,8,Low
Documentation,High,34,4,96541,8,0,0,0,12,8,Low
Documentation,Low,49,5,139400,46,1,0,1,0,9,Medium
Design,High,2,3,17052,4,0,1,0,3,7,Low
Software,Low,42,7,77528,91,1,1,1,13,9,Medium
Documentation,Critical,49,11,106568,20,1,0,0,2,9,High
Documentation,Low,52,6,52675,116,1,0,0,11,0,Low
Documentation,Low,12,6,126148,103,0,1,0,17,6,Low
Supplier,High,45,0,10176,83,0,1,0,15,3,Low
Design,Low,47,4,16240,96,0,0,0,2,4,Low
Documentation,Medium,1,12,118729,93,0,1,0,2,1,Medium
Process,High,42,12,19316,101,1,0,0,14,6,Medium
Process,Low,37,1,63066,67,1,1,1,6,8,Medium
Material,Low,58,0,42516,75,0,1,0,8,4,Low
Process,Medium,3,12,103375,57,0,1,0,9,6,Low
Design,Low,57,2,2284,75,0,1,1,11,3,Medium
Software,Low,34,8,53852,47,0,0,0,8,7,Low
Design,Low,17,12,147914,16,1,1,0,0,0,High
Software,Medium,23,11,55642,111,1,1,0,1,8,Medium
Documentation,Medium,46,8,89958,84,1,0,0,0,3,Medium
Supplier,Low,59,5,148214,85,1,0,0,5,5,High
Supplier,Medium,19,11,91334,35,0,1,0,16,8,Low
Material,Medium,59,10,113369,92,0,0,0,19,0,High
Documentation,Low,38,12,143864,63,1,1,1,9,9,High
Software,Medium,12,7,92772,11,0,0,1,0,6,Medium
Material,High,36,14,124888,114,1,0,0,1,9,High
Design,Medium,48,11,76482,119,1,0,1,16,5,Medium
Design,Medium,4,0,122229,104,0,1,0,6,2,Low
Supplier,Medium,5,4,96475,58,0,1,0,17,5,Low
Documentation,Low,1,11,51255,29,1,0,0,10,5,Low
Software,High,34,1,83955,3,1,1,1,17,9,Medium
Design,Critical,4,10,50562,88,0,0,1,2,5,Low
Documentation,Critical,55,5,59863,107,1,1,0,17,4,Medium
Material,Low,8,3,44114,14,0,1,0,10,1,Low
Documentation,Medium,5,8,73919,82,1,0,0,8,3,Low
Design,Low,16,13,52331,5,0,1,0,10,5,Medium
Process,Medium,46,13,94091,93,0,0,0,6,3,Medium
Documentation,Medium,54,6,55741,5,0,1,0,12,3,Medium
Design,Medium,15,0,73905,117,0,0,0,15,0,Low
Process,Low,31,13,21430,22,0,1,0,16,9,Low
Documentation,Critical,46,13,58295,49,0,1,0,19,8,Medium
Design,Low,48,9,53714,84,1,0,0,8,2,Medium
Design,Low,10,9,144179,101,0,0,0,15,1,Low
Process,High,50,7,67288,44,0,1,0,17,8,Low
Material,High,52,0,3719,117,1,0,0,0,8,Medium
Design,Medium,44,2,46747,3,1,1,0,9,8,Medium
Supplier,Medium,32,2,109548,57,0,0,0,14,5,Low
Software,Low,24,13,25219,118,0,0,0,9,7,Low
Design,Low,53,0,24866,34,0,1,1,2,7,Low
Material,Medium,51,8,56324,64,1,0,0,13,2,High
Documentation,Medium,31,5,53838,54,1,0,0,8,5,Low
Supplier,Medium,44,0,72395,48,1,1,0,12,2,Medium
Documentation,Low,24,13,5606,92,0,0,0,0,7,Low
Material,High,44,0,108248,63,0,0,0,0,9,Medium
Documentation,High,6,12,32486,86,0,1,0,12,0,Low
Process,Low,54,11,106830,63,1,1,1,19,0,High
Design,Low,31,11,84904,119,1,0,0,12,2,Low
Documentation,Medium,36,2,30802,57,1,0,0,18,1,Low
Supplier,High,12,13,70695,95,0,1,0,16,0,Medium
Design,High,32,8,5979,74,0,1,0,5,9,Low
Design,High,1,6,105419,96,1,0,0,2,5,Low
Process,Medium,53,10,45918,106,0,1,0,11,7,Medium
Design,Low,45,5,57830,28,1,1,0,12,5,Low
Design,Medium,27,4,23991,37,1,1,0,15,7,Low
Design,Low,50,4,55064,37,0,1,1,10,6,Medium
Material,High,48,8,59670,59,1,1,0,18,1,Medium
Material,Low,8,9,34130,60,0,0,0,16,1,Low
Supplier,Medium,4,3,146912,2,0,0,0,11,4,Medium
Design,Medium,15,3,42331,107,0,1,0,11,3,Low
Design,Medium,1,14,27570,103,1,1,0,0,8,Low
Process,Medium,34,7,82456,72,1,1,0,15,3,Medium
Material,Medium,32,12,48171,38,0,1,0,13,3,Medium
Process,Critical,32,4,68367,99,1,0,0,17,5,Medium
Design,High,5,4,108904,34,0,1,0,1,1,Medium
Design,High,55,4,12194,38,1,0,0,2,8,Medium
Design,Medium,58,7,76622,119,1,1,0,13,0,High
Supplier,Medium,35,11,3741,111,1,0,0,9,8,Low
Material,Medium,1,7,7067,70,1,1,0,11,6,Low
Software,Medium,24,4,14332,21,0,1,1,8,8,Low
Material,Medium,43,14,24672,16,0,1,0,12,2,High
Supplier,Medium,45,8,52740,115,1,1,0,13,9,Medium
Process,Low,15,5,140319,33,0,1,0,3,8,Low
Design,Low,49,0,135977,82,1,0,0,15,4,Medium
Supplier,High,58,8,15923,43,0,1,0,9,2,Medium
Material,Low,31,9,148680,60,1,0,0,11,1,High
Material,Medium,23,13,95446,118,1,1,0,12,1,High
Design,Medium,32,3,83277,71,1,0,0,14,5,Low
Software,Low,2,2,118952,52,0,0,0,6,9,Low
Documentation,High,31,14,72923,51,1,1,1,0,5,High
Design,Low,2,8,40183,29,0,0,0,3,9,Low
Process,High,3,0,79684,67,0,0,0,19,7,Low
Software,High,33,1,108899,69,0,1,0,4,6,Medium
Design,Low,31,7,102562,13,0,1,0,4,7,Low
Software,Low,59,9,25899,49,1,0,0,17,9,Medium
Process,Medium,30,3,140752,78,1,0,0,4,8,Medium
Documentation,Medium,58,5,43070,8,0,0,0,9,1,Medium
Documentation,Low,48,11,123085,117,1,1,0,7,5,High
Design,Critical,20,14,47117,103,1,0,1,13,4,High
Material,Low,55,7,9979,77,1,1,0,11,8,Medium
Supplier,High,29,6,149467,3,0,1,1,10,2,High
Design,Low,36,5,88523,63,1,0,0,10,8,Low
Material,Critical,6,2,32578,108,0,1,0,16,4,Low
Documentation,Low,13,0,548,4,1,1,0,11,9,Low
Design,Medium,31,12,19816,95,0,1,0,10,7,Low
Supplier,Medium,17,0,25898,101,1,1,0,17,3,Low
Documentation,Low,36,12,138890,10,0,1,0,1,8,High
Material,High,5,3,26962,29,0,1,0,16,1,Low
Supplier,Medium,15,10,24708,87,0,1,0,3,0,Medium
Documentation,Medium,40,14,125751,109,0,0,0,6,5,Medium
Supplier,Medium,37,11,131952,92,0,0,1,0,3,High
Design,Medium,59,10,31743,64,1,1,0,11,1,High
Design,Low,54,3,97743,73,0,0,0,16,9,Low
Documentation,Low,48,8,80399,63,0,0,1,7,0,Medium
Design,Low,1,9,86740,70,0,0,0,13,5,Low
Supplier,Medium,36,6,47043,92,0,0,0,7,2,Low
Design,Low,14,0,112825,7,0,0,0,15,2,Low
Material,Critical,16,13,132206,26,1,1,1,19,2,High
Documentation,Medium,13,2,109036,9,0,1,0,14,3,Low
Supplier,Medium,27,14,135522,95,1,0,0,6,6,High
Documentation,Medium,8,13,17023,87,0,0,0,16,3,Low
Design,Medium,32,0,98729,8,1,1,0,0,7,Medium
Supplier,Medium,10,11,149920,14,0,1,0,19,4,Medium
Documentation,Medium,30,9,80583,33,1,0,1,16,7,Medium
Material,Medium,37,3,141312,30,1,1,0,13,4,Medium
Design,Medium,11,12,52582,63,1,0,0,12,3,Low
Documentation,Medium,7,1,134540,60,1,0,0,5,5,Low
Material,Critical,48,3,140850,44,1,1,0,8,6,High
Supplier,Low,44,14,93532,21,1,1,0,2,4,High
Documentation,Medium,16,11,105836,78,1,1,0,6,9,Medium
Design,Low,53,1,78657,95,0,1,0,11,5,Medium
Material,Medium,14,2,47885,77,1,1,0,7,2,Low
Design,High,55,3,80673,97,1,1,0,15,0,Medium
Material,Low,7,1,144383,109,0,1,0,17,3,Low
Design,Medium,39,2,2733,101,1,1,0,11,0,Low
Process,Medium,2,8,31160,78,1,0,0,6,0,Low
Design,Low,12,0,75170,7,0,1,1,6,3,Medium
Process,Critical,24,4,51242,41,0,1,1,10,2,Medium
Design,Medium,6,4,93753,52,0,1,0,14,8,Low
Material,High,27,14,54402,86,1,1,0,2,7,High
Material,Medium,14,14,98976,101,1,1,0,8,7,High
Process,Critical,6,12,16395,77,0,0,0,8,5,Low
Supplier,Medium,57,5,50154,44,1,0,0,5,1,Medium
Material,Medium,58,7,104075,94,0,1,0,4,8,High
Documentation,High,57,7,70956,84,1,1,1,16,4,High
Process,Medium,10,12,107194,96,0,1,0,8,4,Medium
Design,Medium,23,11,95628,71,1,1,0,11,6,Medium
Documentation,Critical,20,13,49610,78,0,1,1,0,1,High
Material,Medium,20,8,64531,42,1,0,0,5,4,Low
Design,High,25,13,144721,49,1,0,0,4,6,High
Supplier,Medium,31,11,144339,34,1,0,0,6,6,High
Design,High,29,11,5819,32,0,0,1,16,5,Low
Design,High,18,9,105963,79,0,0,1,11,9,Medium
Software,Medium,58,5,73901,47,0,1,0,18,9,Low
Design,Medium,58,9,690,17,0,0,0,8,0,Medium
Software,Low,20,5,95300,6,0,1,1,15,0,Medium
Documentation,Medium,14,9,3980,103,1,0,1,3,5,Low
Process,High,32,3,48162,53,0,0,0,16,8,Low
Process,Medium,22,11,103699,70,0,0,0,12,5,Medium
Process,Low,59,8,121993,108,0,1,1,0,2,High
Documentation,Medium,26,10,62190,15,0,1,0,13,5,Low
Material,Medium,3,3,121409,112,1,1,0,9,9,Low
Design,High,8,11,126000,85,0,1,0,0,1,Medium
Supplier,Low,5,12,67407,77,0,1,0,16,4,Low
Supplier,Medium,23,2,26365,52,0,1,0,10,6,Low
Design,High,19,5,99049,85,1,1,0,12,3,Medium
Process,Critical,51,10,2567,26,0,0,0,11,0,Medium
Design,Low,53,13,134035,37,0,0,0,1,6,Medium
Documentation,Critical,9,11,58518,115,1,1,0,6,7,Low
Design,Medium,56,7,114123,34,1,0,0,14,6,Medium
Design,High,35,4,110541,86,0,0,0,6,6,Low
Design,Low,19,13,71193,111,0,1,1,17,6,Medium
Design,Medium,24,13,145773,71,1,0,0,6,3,Medium
Design,Medium,27,13,119548,37,0,1,0,9,0,Medium
Design,Medium,11,4,132606,102,0,1,0,8,9,Low
Design,Medium,52,6,14538,99,1,1,0,0,2,Medium
Design,Medium,1,3,72869,66,1,1,1,16,8,Low
Material,Medium,5,14,142818,15,0,1,0,2,5,High
Material,Low,17,13,122016,54,1,1,1,9,5,High
Material,Medium,9,2,68389,52,1,0,0,18,0,Low
Material,Low,4,3,11014,24,1,1,0,19,9,Low
Design,Critical,23,8,42691,49,1,0,0,4,5,Medium
Design,Critical,23,6,86054,20,0,1,0,7,8,Medium
Design,Medium,8,6,96456,83,0,0,1,11,7,Low
Software,Low,48,5,138682,52,0,1,0,13,1,Medium
Documentation,Low,53,10,14383,88,0,0,1,5,9,Medium
Documentation,Medium,43,13,59759,55,1,1,0,10,5,Medium
Supplier,High,31,13,41177,86,1,0,0,16,1,Medium
Supplier,Medium,56,6,144035,88,1,0,1,15,5,High
Material,Low,21,12,25332,20,0,0,0,16,6,Low
Software,Low,26,10,33492,54,0,0,0,17,6,Low
Software,Low,1,2,45023,90,0,1,0,17,3,Low
Documentation,High,42,11,16292,71,1,1,0,10,9,Low
Documentation,Medium,6,5,96698,28,0,0,1,19,2,Low
Material,Medium,40,9,78951,100,1,1,0,9,4,High
Software,Medium,47,10,83869,25,1,1,0,14,8,High
Software,Critical,13,14,136133,119,0,0,0,18,0,Medium
Material,Medium,37,14,65249,85,1,1,0,0,4,High
Documentation,High,18,12,47036,40,1,0,1,18,4,Low
Design,High,24,7,56624,24,1,0,0,16,7,Medium
Documentation,Medium,32,6,120123,108,0,0,0,19,7,Low
Software,High,15,6,79499,63,0,0,0,15,7,Low
Design,Medium,48,14,25794,97,0,0,0,3,3,Medium
Process,High,24,3,103625,100,1,0,1,6,4,High
Design,Low,28,7,111962,10,1,0,0,0,0,High
Software,Medium,49,10,37863,82,0,0,0,12,8,Low
Software,Low,14,0,83775,41,0,1,0,8,3,Low
Process,Low,27,9,84768,109,1,1,1,9,4,High
Documentation,Low,59,3,26665,27,1,0,0,14,6,Low
Design,Medium,24,4,1863,5,1,1,0,16,7,Low
Design,Medium,7,9,107854,80,1,0,1,1,0,High
Material,Medium,17,0,92505,67,1,1,1,18,7,Low
Design,Medium,57,2,107206,67,1,0,0,7,3,Medium
Material,Critical,45,6,56912,33,1,1,0,15,4,Medium
Design,Critical,48,8,77557,60,0,1,0,11,1,High
Material,Low,15,1,147259,115,0,0,0,8,7,Low
Material,Medium,50,5,34207,92,0,0,0,4,4,Low
Documentation,Medium,24,4,98094,118,1,0,0,3,1,Low
Design,High,47,8,20277,41,0,0,0,14,1,Low
Documentation,Medium,52,4,10320,104,1,0,0,6,7,Low
Material,High,13,0,143609,47,1,1,0,4,1,Medium
Material,Low,56,7,19908,112,0,0,0,0,5,Low
Supplier,Medium,38,12,98543,104,0,1,0,16,6,Medium
Material,High,44,8,77373,21,0,0,0,7,9,Medium
Design,Medium,45,5,121481,116,1,0,0,6,1,High
Supplier,High,10,7,82217,73,0,0,0,7,2,Low
Design,Low,44,2,104697,93,0,1,0,11,1,Low
Material,Low,13,3,134173,70,0,0,0,9,8,Low
Supplier,Low,17,6,124506,27,0,0,0,10,5,Low
Material,Low,7,8,108417,118,1,0,0,5,9,Low
Documentation,Low,11,7,24792,15,1,1,0,5,0,Low
Design,Medium,58,14,25827,97,0,0,1,17,7,Medium
Documentation,Medium,20,9,74794,26,1,0,0,8,0,Low
Software,High,23,0,98998,94,1,1,0,19,1,Medium
Documentation,Medium,29,7,100235,51,0,1,0,16,4,Low
Documentation,Low,43,8,118107,29,0,0,0,14,3,Low
Design,High,34,0,15956,29,1,1,0,10,3,Low
Supplier,Low,32,5,26429,39,1,1,0,16,0,Low
Design,High,50,13,22918,108,0,1,0,1,5,Medium
Software,Low,30,5,81387,92,0,0,0,9,3,Low
Process,Medium,46,6,95280,81,1,1,1,14,9,High
Design,High,54,3,17772,76,1,0,0,2,7,Low
Documentation,Medium,40,1,130371,51,0,0,0,3,4,Low
Design,Medium,3,4,45865,108,0,0,0,1,7,Low
Supplier,High,16,11,99232,34,1,1,0,9,5,High
Software,Low,37,14,112868,113,0,1,0,10,4,Medium
Design,High,29,9,5912,46,0,0,0,9,9,Low
Process,High,17,12,129790,42,1,1,0,1,5,High
Software,Critical,20,9,145579,58,0,0,1,9,4,Medium
Design,Medium,5,9,143816,90,1,1,0,17,5,Medium
Supplier,Medium,14,6,21356,86,1,1,0,0,7,Low
Design,High,47,0,59202,92,0,1,0,15,7,Low
Process,Medium,1,6,35268,12,0,1,1,5,5,Low
Design,Medium,50,12,67895,21,1,1,1,1,1,High
Documentation,Low,21,8,146257,102,0,1,0,1,6,Low
Documentation,Low,48,11,114586,117,1,1,0,0,4,High
Design,Medium,16,0,115769,17,0,1,0,8,9,Low
Material,Low,49,3,63578,108,1,0,0,9,9,Medium
Process,Low,34,4,140518,32,0,1,1,12,0,High
Process,Low,51,5,138048,117,0,0,1,1,9,Medium
Material,Critical,4,14,121089,119,1,1,0,13,9,Medium
Design,Low,48,6,122263,77,0,1,1,14,9,High
Design,Low,16,9,97934,24,0,1,0,1,4,Low
Documentation,Medium,22,9,14752,95,1,1,0,13,2,Medium
Supplier,Low,3,6,43040,13,1,1,0,2,6,Medium
Documentation,Critical,57,14,115434,41,0,1,0,8,8,High
Supplier,Critical,38,3,49368,77,1,0,1,13,4,High
Documentation,Medium,58,0,26273,9,0,0,0,17,9,Low
Design,Medium,34,11,142117,48,0,1,0,10,2,High
Design,Medium,10,9,73507,96,0,0,0,8,8,Low
Documentation,Low,20,3,129163,12,1,1,0,16,0,Medium
Documentation,Medium,26,13,42982,45,1,1,0,4,8,Low
Material,Low,9,2,54243,2,0,1,0,4,9,Low
Material,Low,55,3,51822,79,1,1,0,9,7,Medium
Supplier,Medium,57,2,56303,11,0,0,0,2,6,Medium
Material,Low,34,2,65919,35,0,0,0,0,4,Low
Design,Low,35,10,45005,63,0,0,0,7,8,Low
Documentation,Medium,42,10,122224,27,1,1,0,3,1,High
Design,Medium,41,9,49256,29,0,0,0,12,2,Medium
Process,Low,4,12,66506,100,1,1,0,10,1,Medium
Design,Low,32,1,129169,93,0,0,0,9,2,Low
Design,Low,46,9,65854,11,1,0,1,9,5,High
Process,Low,48,1,2070,103,0,1,0,1,3,Low
Material,High,36,14,572,57,0,0,0,8,4,Medium
Process,Critical,53,9,65689,19,1,0,1,1,2,High
Design,Medium,35,11,97453,108,1,0,0,7,3,High
Documentation,Medium,23,8,141454,41,1,0,0,13,4,Low
Software,High,27,5,20055,40,0,1,0,19,2,Low
Documentation,Medium,41,10,81624,19,1,1,0,5,9,Medium
Design,Low,53,12,43697,106,0,1,0,5,8,Medium
Material,Low,14,2,67841,35,1,0,0,13,8,Low
Material,Medium,18,13,66674,71,1,1,0,18,0,Medium
Supplier,Medium,39,10,47199,30,1,0,0,5,4,Medium
Design,Low,46,1,3225,107,1,0,0,16,7,Low
Design,Medium,24,14,11549,94,0,1,0,6,3,Low
Material,Medium,38,2,78597,61,0,1,0,12,2,Low
Design,Medium,1,9,34060,42,1,1,0,4,6,Low
Material,Medium,18,1,49390,79,0,0,0,5,0,Low
Design,High,57,2,14023,60,0,1,0,19,6,Low
Design,Medium,35,9,7917,113,1,0,0,7,4,Low
Process,Low,52,10,19441,81,1,1,0,0,6,High
Material,Low,13,10,56901,5,1,1,0,15,6,Medium
Material,High,18,5,24945,99,1,1,0,2,5,Low
Supplier,Medium,58,12,35098,24,1,0,0,2,5,High
Software,Low,59,0,45653,37,0,0,1,16,0,Medium
Material,Medium,52,12,44052,53,1,1,1,6,9,High
Process,High,19,4,2146,26,1,1,0,2,0,Medium
Documentation,High,48,9,18046,113,1,1,0,19,9,Medium
Supplier,High,28,13,142546,117,1,1,0,5,9,High
Documentation,Medium,50,3,100365,20,0,0,0,12,7,Low
Software,Medium,51,6,19010,39,1,1,0,5,7,Medium
Design,Medium,26,12,42913,45,1,1,0,11,0,Medium
Material,Low,18,12,57780,81,0,0,0,13,9,Low
Process,High,58,3,135897,72,1,1,0,15,5,High
Documentation,Medium,27,7,131989,81,1,0,0,8,3,Low
Supplier,Low,26,4,115678,5,0,1,0,12,6,Medium
Design,High,40,7,16431,62,1,0,0,16,5,Low
Supplier,Medium,56,5,73829,26,0,1,0,16,3,High
Design,Low,8,0,72798,28,0,1,0,14,3,Low
Software,Medium,59,13,95809,93,1,1,0,7,1,High
Supplier,High,25,9,126795,18,1,1,0,10,9,High
Software,Critical,2,6,48485,5,0,1,0,19,6,Low
Documentation,Medium,19,1,83765,59,0,0,0,4,2,Low
Process,Critical,28,1,39939,88,1,1,0,13,7,Medium
Process,High,40,7,31946,62,1,1,0,15,6,Medium
Software,High,34,9,47341,21,0,1,0,9,1,Medium
Documentation,High,9,3,110458,93,0,1,0,17,1,Low
Documentation,Medium,29,11,65955,47,0,1,0,8,2,Low
Design,High,14,5,102360,85,0,1,0,16,1,Low
Supplier,Medium,16,0,103827,25,0,0,1,12,8,Low
Design,High,42,8,54646,109,0,0,0,1,1,Medium
Documentation,Low,48,2,143278,35,1,0,0,16,8,Low
Process,High,10,0,7421,116,1,1,0,13,5,Low
Material,Critical,36,1,134587,46,0,1,0,4,1,Medium
Design,Medium,25,4,1675,87,1,1,1,14,8,Low
Material,Critical,20,7,57661,61,1,0,1,10,1,High
Process,Medium,43,14,123896,11,0,1,0,18,9,High
Design,Low,15,3,102794,13,1,0,1,6,0,Medium
Design,Low,46,0,48572,49,0,1,0,5,6,Low
Documentation,High,24,2,132896,24,1,0,0,1,3,Medium
Software,Medium,6,4,21096,73,1,1,0,15,5,Low
Design,Medium,47,3,100770,18,1,0,0,19,8,Medium
Design,Medium,51,4,78023,71,0,0,0,13,7,Low
Documentation,Medium,34,14,31470,26,1,0,0,7,2,Medium
Process,Medium,43,5,138164,23,0,1,0,17,0,High
Process,High,9,9,114943,45,0,0,1,5,2,Medium
Material,High,21,10,1767,70,1,0,0,13,8,Low
Design,High,21,1,13483,49,0,0,0,11,5,Low
Design,Medium,46,3,8893,43,0,1,1,17,7,Low
Software,Critical,21,6,62603,42,1,0,0,19,4,Low
Design,Low,43,6,62848,41,1,1,0,7,5,Medium
Design,Medium,19,0,108735,49,0,1,0,1,0,Low
Software,Low,36,9,101556,100,0,1,0,3,0,Medium
Documentation,Medium,13,4,2754,70,0,0,0,14,7,Low
Software,Medium,33,4,71677,51,1,1,0,7,2,Medium
Supplier,High,5,9,117824,90,0,1,0,2,3,Medium
Supplier,Medium,44,14,134683,64,1,0,0,16,3,High
Material,Low,2,12,44178,113,0,1,1,12,6,Low
Material,Medium,59,14,7090,68,0,0,1,2,9,High
Supplier,Critical,50,6,23355,27,0,1,0,14,7,Medium
Material,Medium,35,1,51351,68,1,1,1,12,6,Medium
Process,Low,54,3,66755,93,0,1,1,19,8,Medium
Documentation,Medium,48,5,53026,27,1,0,1,19,5,Medium
Documentation,Medium,9,4,14035,25,0,0,0,19,1,Low
Design,Medium,44,3,51349,72,1,0,0,17,4,Low
Material,Medium,23,2,43838,106,0,1,0,15,9,Low
Design,Medium,51,2,73409,41,0,1,1,13,7,Medium
Material,Medium,51,9,12335,61,0,1,0,10,3,Medium
Design,Medium,57,7,118691,79,0,0,1,15,3,Medium
Design,Low,27,0,62843,80,0,0,0,19,9,Low
Software,Critical,12,8,48023,19,1,0,0,2,0,High
Supplier,Medium,8,12,136024,48,1,1,0,2,9,High
Documentation,Medium,10,6,111800,119,0,0,1,9,6,Low
Design,Low,59,4,20957,106,0,1,0,5,8,Low
Design,Medium,35,4,22396,93,0,1,0,10,3,Low
Material,High,21,5,819,4,1,0,1,6,6,Medium
Design,Low,27,4,84328,51,0,0,0,15,3,Low
Design,Low,11,13,53531,8,0,1,0,17,0,Medium
Documentation,Low,34,14,56575,37,1,1,0,5,4,Medium
Design,Medium,26,5,76654,104,0,0,0,15,9,Low
Design,Critical,48,13,81112,47,0,1,0,2,2,High
Process,Medium,2,12,645,21,0,0,0,15,1,Low
Supplier,Medium,55,1,16608,87,0,0,0,13,9,Low
Process,High,4,7,118479,91,0,1,0,14,9,Low
Material,High,25,9,143042,79,1,0,0,9,8,Medium
Documentation,Low,21,6,125655,97,1,0,0,2,9,Low
Design,Low,43,6,135979,84,0,0,0,16,9,Low
Material,Medium,39,7,69795,76,1,1,0,2,9,Medium
Process,High,12,10,124046,106,0,1,0,9,9,Low
Documentation,High,29,4,132392,40,0,1,1,3,7,Medium
Material,High,32,8,133971,55,0,0,0,16,3,Medium
Supplier,High,28,3,22831,68,1,0,0,11,4,Low
Design,Medium,2,13,22429,81,0,0,0,10,3,Low
Design,Medium,11,1,60688,58,1,0,0,6,5,Low
Design,Low,30,1,75806,54,1,0,0,15,6,Low
Software,High,16,0,143741,21,0,1,0,4,2,Low
Design,Medium,33,5,48027,77,0,0,0,14,0,Low
Software,Medium,10,9,124814,16,0,0,0,19,6,Low
Design,Low,44,14,133164,58,1,1,0,5,9,High
Documentation,High,12,6,144803,50,0,0,0,13,8,Low
Documentation,High,39,2,28820,93,0,0,0,6,0,Low
Design,High,50,5,36660,58,1,1,0,18,5,Medium
Design,Low,22,1,33381,2,0,1,0,17,5,Low
Design,Critical,9,7,110411,61,0,0,0,6,4,Low
Documentation,High,1,10,103163,27,0,0,0,4,6,Low
Design,High,22,0,61359,46,0,1,0,1,4,Low
Supplier,High,7,11,13790,36,1,1,0,13,9,Medium
Material,Critical,53,3,78361,21,1,0,0,18,9,Medium
Software,Critical,58,10,109988,113,0,1,1,2,6,High
Supplier,Medium,58,12,71410,31,0,1,0,16,4,High
Supplier,Medium,55,11,40585,61,0,0,0,15,5,Medium
Documentation,Medium,35,10,89035,99,1,1,0,9,9,Medium
Design,High,20,10,99309,44,1,1,1,4,3,High
Documentation,Medium,27,2,88895,112,1,1,1,13,8,Low
Design,Low,16,2,131019,49,0,1,0,11,5,Low
Supplier,Low,50,5,47433,113,0,0,0,16,0,Low
Documentation,Critical,26,9,91636,55,1,1,0,11,7,Medium
Process,High,23,9,128326,3,0,1,0,0,2,High
Process,Critical,41,11,32296,104,0,1,0,4,5,High
Design,Medium,23,4,42597,103,1,0,1,7,9,Low
Material,High,22,12,7850,115,0,1,0,9,7,Low
Material,High,14,6,56559,16,0,0,0,6,6,Low
Supplier,Medium,4,3,7169,101,1,0,0,17,0,Low
Supplier,Low,3,11,112083,42,0,0,0,5,8,Low
Material,Critical,24,1,13777,101,0,1,0,13,3,Low
Material,Low,59,6,104016,115,1,1,0,7,0,High
Design,Medium,16,11,87182,25,0,0,0,19,9,Low
Material,High,38,11,148190,45,1,1,0,18,1,High
Design,High,20,3,52558,33,0,1,0,15,3,Low
Documentation,Medium,18,2,52046,37,1,0,1,15,1,Low
Process,High,10,0,36844,72,0,1,0,12,6,Low
Design,Low,34,1,80821,50,1,0,0,11,8,Low
Process,High,39,12,33286,79,1,1,0,11,5,High
Documentation,Low,21,11,17451,81,1,0,1,0,8,Low
Design,High,32,7,142312,25,0,1,0,18,9,Low
Design,High,29,8,102034,7,0,0,1,19,8,Medium
Design,Low,16,4,18263,90,1,0,0,10,1,Low
Design,Low,41,2,92900,23,1,1,0,17,2,Medium
Software,High,33,0,46069,25,0,1,0,8,2,Low
Documentation,Low,4,10,27418,72,0,0,0,2,6,Low
Design,Low,30,0,70985,33,0,0,0,16,8,Low
Software,Medium,23,1,118250,24,1,1,0,10,3,Medium
Design,Critical,47,11,567,38,0,1,1,18,6,Medium
Process,Medium,19,8,53601,63,1,0,0,4,1,Low
Software,Medium,57,7,138182,101,1,1,0,9,5,High
Material,Critical,37,3,59452,118,1,0,0,13,7,Medium
Design,Medium,8,2,15315,88,1,0,0,2,3,Low
Process,Medium,24,6,64573,108,0,1,0,19,1,Low
Documentation,Medium,53,5,102529,64,1,1,1,12,4,High
Design,Medium,16,8,149450,50,0,1,0,3,7,Medium
Design,Medium,42,2,94515,98,0,0,0,14,9,Low
Design,High,47,3,8054,37,0,0,0,17,6,Low
Supplier,Low,41,1,121455,97,0,1,0,7,6,Medium
Process,High,6,6,117125,119,1,1,0,12,4,Medium
Software,Low,23,4,97882,48,1,1,0,14,9,Low
Software,Medium,21,3,134532,76,0,0,0,2,8,Low
Documentation,Low,21,8,115523,94,0,1,0,10,9,Low
Software,Medium,52,7,35217,94,1,1,0,11,8,Medium
Design,High,1,3,63476,26,1,1,0,6,5,Low
Supplier,Medium,32,10,76361,115,1,0,0,5,9,Medium
Design,Low,58,5,73561,61,0,0,0,12,6,Low
Material,Low,52,5,95999,6,1,1,1,15,6,High
Documentation,High,36,7,105398,15,0,0,0,7,6,Low
Process,Medium,59,2,16041,87,0,1,0,2,1,Medium
Documentation,High,24,6,85479,52,0,0,1,15,8,Low
Material,Medium,37,8,6302,14,1,1,0,3,3,Medium
Supplier,Low,33,1,76975,63,0,0,0,0,6,Low
Supplier,High,3,8,63615,72,1,0,0,6,8,Low
Design,Medium,3,0,31230,11,1,0,0,16,1,Low
Design,Low,53,9,148627,43,0,0,0,15,3,Medium
Supplier,Critical,11,0,39087,56,1,1,0,6,9,Low
Design,Low,21,2,8920,94,1,1,0,10,3,Low
Documentation,Medium,37,5,54095,78,1,1,0,19,6,Low
Design,Medium,34,9,113732,12,0,1,0,14,5,Medium
Design,Medium,31,10,1888,74,1,0,0,15,8,Low
Software,High,58,7,74183,108,1,1,0,1,5,High
Design,Low,47,1,62895,8,0,1,0,4,4,Medium
Documentation,Critical,56,5,129933,118,1,0,1,2,0,High
Software,Medium,39,11,913,13,0,1,1,19,4,High
Design,Critical,58,1,3090,75,1,1,0,6,5,Medium
Process,High,36,10,84969,43,0,0,0,9,6,Medium
Process,Critical,32,5,27317,88,0,0,0,11,7,Low
Software,Medium,49,0,105752,101,1,1,0,10,7,Medium
Documentation,Medium,52,10,42078,102,0,1,0,1,4,Medium
Process,Medium,5,0,84541,104,0,0,0,18,0,Low
Process,High,54,5,6141,98,1,1,0,7,2,Medium
Material,Medium,41,2,104181,38,1,1,0,18,4,Medium
Process,High,53,8,77977,56,1,1,0,15,9,High
Documentation,Low,43,0,501,86,1,1,0,13,7,Low
Process,High,55,1,40239,21,0,1,0,14,8,Medium
Process,Low,17,7,9386,70,1,0,0,19,9,Low
Material,Critical,12,14,7204,64,1,1,0,6,1,High
Software,Low,12,0,104920,118,1,0,1,6,0,Low
Documentation,Low,15,6,64469,7,1,1,0,13,5,Low
Design,High,13,12,120533,13,1,1,0,4,2,High
Design,High,27,4,39037,5,1,1,0,16,8,Medium
Supplier,High,12,7,107796,66,1,0,0,0,4,Medium
Supplier,Critical,10,12,92461,66,0,0,0,17,0,Medium
Process,Medium,31,10,99620,71,1,1,0,6,2,High
Design,High,47,4,124287,30,0,1,0,0,3,High
Material,Medium,9,11,106253,38,0,1,0,12,0,Low
Process,Medium,31,10,111967,51,1,0,0,5,3,High
Process,Medium,39,7,111068,7,1,0,0,6,5,High
Process,Low,42,6,67327,90,0,1,0,9,8,Low
Software,Medium,7,13,108794,8,0,1,0,11,6,Medium
Process,High,44,13,126403,80,1,1,1,2,0,High
Software,Low,2,14,110832,55,1,1,0,0,4,Medium
Process,Critical,14,10,91349,119,1,0,0,9,7,Medium
Supplier,Medium,19,5,11565,83,1,0,1,7,3,Medium
Process,Low,51,1,65770,58,0,1,0,11,5,Low
Design,Medium,12,1,9959,84,0,1,0,14,9,Low
Design,Low,47,14,16020,15,0,0,0,12,1,Medium
Supplier,Low,59,5,54487,23,1,0,0,2,4,High
Documentation,High,57,1,69886,60,1,0,0,19,6,Low
Process,Low,18,3,79375,103,0,1,0,14,7,Low
Design,Low,6,0,135092,98,1,1,1,0,8,Low
Process,High,14,7,114511,46,1,0,0,15,2,Medium
Design,Low,46,8,63722,35,1,1,0,17,4,Medium
Software,High,12,5,50538,115,1,0,0,11,8,Low
Documentation,High,39,11,107031,68,0,1,0,16,8,Medium
Process,Low,23,7,41630,15,1,1,0,17,8,Low
Process,Medium,46,14,132600,28,0,0,0,19,6,Medium
Material,Low,36,11,117326,100,1,1,0,19,2,High
Material,Medium,35,1,102536,107,1,0,1,3,3,High
Documentation,Low,47,4,37775,109,0,0,0,0,6,Low
Software,Critical,57,11,93449,2,1,0,0,13,2,High
Supplier,Low,22,8,123215,99,0,1,0,13,6,Low
Material,High,32,11,11257,15,0,1,0,11,5,Medium
Design,Low,37,5,26981,97,1,1,0,4,4,Low
Design,Low,49,0,77521,106,0,1,0,18,3,Low
Design,Medium,29,11,54241,44,0,0,0,8,7,Medium
Material,Medium,23,11,106587,24,0,1,0,14,4,Medium
Documentation,Critical,50,9,60460,86,0,1,0,12,3,Medium
Supplier,Low,57,6,149500,10,1,0,0,17,3,High
Design,Low,34,0,45276,70,0,1,0,14,4,Low
Design,Medium,7,10,54351,41,0,0,0,12,6,Low
Material,Medium,18,9,1001,52,0,1,0,16,9,Low
Software,High,28,10,37500,99,1,1,1,1,3,High
Material,Critical,42,2,35708,119,1,1,0,14,1,Medium
Software,High,40,10,114534,49,0,0,0,11,9,Medium
Software,Low,49,10,50979,36,0,1,0,15,1,Medium
Design,Medium,2,12,30918,100,1,1,0,4,9,Low
Process,High,28,8,47386,50,0,1,0,11,1,Medium
Documentation,Medium,42,10,84615,25,1,1,0,5,3,High
Material,High,59,6,117940,108,1,1,0,2,9,High
Design,Low,9,10,146837,119,0,1,0,11,1,Low
Documentation,Medium,52,10,7581,36,1,0,0,0,1,Medium
Documentation,High,1,11,126227,20,0,0,0,1,6,Low
Supplier,Medium,12,12,58647,20,0,0,0,10,1,Low
Supplier,Critical,50,0,121332,72,1,0,1,17,0,High
Design,Medium,47,11,6108,38,1,1,0,14,6,Low
Software,Low,58,11,94100,75,1,1,0,0,9,High
Supplier,Medium,36,8,139631,91,0,1,0,2,7,High
Design,Low,37,7,6350,2,0,1,0,8,9,Low
Process,Medium,32,10,118636,103,1,0,1,8,5,High
Documentation,Low,31,6,17591,5,1,0,0,0,6,Low
Documentation,Medium,31,6,147333,15,0,0,0,5,9,Low
Design,High,18,12,111783,87,1,1,0,2,5,High
Design,Medium,51,11,136568,75,0,0,0,11,0,High
Documentation,Low,22,3,134703,117,0,1,0,13,2,Low
Documentation,Medium,37,12,47714,68,0,1,0,7,6,Low
Supplier,High,40,4,62680,51,1,0,0,11,8,Medium
Process,Medium,32,2,103891,80,1,1,0,4,6,Medium
Supplier,Low,37,13,26645,91,0,1,0,17,4,Medium
Material,Medium,3,3,46329,81,0,1,0,0,3,Low
Design,Medium,19,3,15307,45,0,0,0,10,6,Low
Design,Medium,27,4,133287,115,0,0,0,6,8,Low
Design,Low,24,7,37556,37,0,1,0,9,2,Low
Documentation,Critical,54,2,61907,42,1,1,0,10,5,Medium
Design,Low,53,2,68149,34,0,1,0,12,4,Medium
Design,Low,42,5,56695,37,0,0,0,18,2,Low
Supplier,Low,21,3,116804,27,1,0,0,11,4,Medium
Design,Medium,4,2,137153,70,1,0,0,4,0,Medium
Design,Medium,45,13,86149,87,0,1,0,10,5,Medium
Supplier,Low,53,8,125592,52,0,0,0,10,1,Medium
Material,Medium,29,0,17068,110,1,1,0,17,4,Low
Process,High,49,1,144978,57,0,1,0,11,8,Medium
Documentation,Medium,55,12,17826,57,1,0,1,17,1,Medium
Design,Critical,33,4,10439,10,0,1,0,12,2,Medium
Documentation,Medium,13,2,3824,108,1,0,1,11,7,Low
Documentation,Low,2,9,36879,19,0,0,1,6,9,Low
Documentation,Critical,45,12,125657,21,1,1,0,5,9,High
Process,High,34,5,45478,112,0,0,0,1,1,Low
Process,Medium,10,11,118739,63,0,1,0,10,2,Medium
Process,High,4,6,63940,10,1,1,0,18,9,Medium
Process,Medium,58,1,16038,54,1,1,0,0,5,Medium
Design,Medium,19,11,71232,71,1,0,0,19,8,Low
Documentation,High,20,13,35236,3,1,1,0,17,0,Medium
Process,High,38,14,44075,91,0,0,0,8,1,Medium
Software,Medium,22,1,77830,80,0,1,0,6,2,Low
Material,Medium,54,8,118672,3,0,0,0,11,0,High
Design,Medium,41,9,88229,74,1,1,0,17,8,Medium
Supplier,Low,22,1,33874,28,1,0,0,0,8,Low
Supplier,Critical,16,14,107762,88,1,1,1,8,3,High
Material,Medium,51,1,104629,46,0,0,0,0,0,Medium
Material,Medium,35,4,35941,25,1,1,0,12,1,Medium
Design,Medium,55,14,127839,61,1,1,0,1,2,High
Supplier,Medium,21,8,126559,54,1,0,0,6,7,Medium
Material,Medium,2,10,90752,42,1,0,0,14,8,Low
Documentation,Critical,54,7,44774,105,1,0,0,15,5,Medium
Design,Medium,15,11,53446,78,0,0,0,4,9,Low
Material,High,50,1,66195,59,0,1,0,10,9,Medium
Design,Medium,42,10,28589,28,1,1,0,3,7,Medium
Supplier,Medium,14,0,46236,69,1,1,0,11,0,Low
Supplier,Low,45,2,20584,5,1,0,0,0,8,Medium
Process,Medium,5,7,23605,106,1,0,0,16,9,Low
Documentation,Low,24,6,111754,2,1,1,0,0,5,Medium
Design,High,22,2,19688,84,1,0,0,12,5,Low
Process,High,39,11,70635,42,1,0,0,8,7,Medium
Design,Medium,32,4,64671,86,0,0,1,4,5,Low
Design,Medium,37,12,7424,44,0,1,1,10,3,Medium
Supplier,High,29,0,124782,5,0,1,0,2,6,High
Design,Low,44,3,147584,113,1,0,0,11,7,Medium
Process,Critical,10,4,95943,92,0,1,0,12,1,Low
Process,Medium,43,8,100859,7,0,1,0,9,6,High
Software,Low,3,6,35289,5,0,1,1,7,1,Medium
Supplier,Low,6,2,126705,64,0,1,0,9,5,Low
Process,Critical,43,8,117746,114,0,1,0,19,1,High
Material,Low,10,14,66009,70,1,1,0,15,9,Low
Design,High,46,2,106018,3,0,1,0,0,6,High
Design,Low,8,3,143338,84,0,1,0,5,4,Low
Process,Low,9,7,90624,52,0,1,0,0,5,Low
Documentation,High,56,10,30328,77,1,0,0,4,6,Medium
Design,Low,11,2,49902,43,1,0,0,15,1,Low
Supplier,Low,54,3,28177,2,1,0,0,17,5,Medium
Software,Medium,21,3,50063,4,0,0,0,9,7,Low
Documentation,High,48,9,133605,76,1,1,0,13,2,High
Supplier,Medium,56,1,28866,76,0,0,0,7,4,Low
Process,Low,7,9,133811,40,1,1,0,9,3,Medium
Process,Critical,20,6,43127,11,1,0,0,16,1,Medium
Documentation,High,34,4,75103,93,1,0,0,5,9,Low
Design,High,52,12,79491,19,1,0,0,6,5,High
Documentation,High,12,12,19305,24,1,1,0,2,3,Low
Design,High,12,12,28008,55,1,0,0,4,3,Medium
Documentation,Medium,22,13,46129,86,1,1,1,0,6,High
Design,Medium,13,3,9466,119,1,0,0,16,1,Low
Design,High,16,12,113245,75,1,1,0,17,5,Medium
Design,High,8,2,82162,115,0,1,0,8,2,Low
Material,Critical,49,4,126975,78,1,1,1,11,8,High
Material,Medium,48,8,129536,102,0,1,1,4,7,High
Design,Medium,9,11,52474,22,0,1,0,0,7,Medium
Supplier,Medium,32,8,122659,8,0,0,0,10,1,High
Material,Medium,39,8,9654,80,0,0,0,3,0,Medium
Software,Medium,38,5,64739,117,1,1,0,16,4,Medium
Documentation,High,59,8,100026,88,0,1,0,5,3,High
Process,Medium,38,7,70201,42,1,1,0,14,7,Low
Design,Low,41,7,111054,59,0,0,0,5,7,Low
Design,Medium,2,8,128860,15,0,0,1,2,3,Medium
Documentation,Medium,5,9,63890,42,0,0,0,10,1,Low
Design,Critical,37,4,41531,82,1,0,0,3,3,Medium
Material,Medium,54,2,87673,21,1,1,1,7,5,High
Documentation,Medium,24,4,130338,58,0,1,0,5,2,Medium
Documentation,Medium,38,6,148112,36,1,1,0,17,3,Medium
Material,Medium,13,2,122423,59,1,0,0,10,2,Low
Process,Low,27,2,37127,92,1,0,0,14,0,Low
Supplier,High,45,14,31190,106,0,0,0,11,6,Medium
Software,Critical,39,4,86160,50,1,1,0,18,9,Low
Design,Medium,7,11,60626,99,1,1,0,8,9,Medium
Design,Medium,52,1,91838,84,1,0,0,17,9,Low
Process,Low,55,14,138537,110,0,0,0,17,6,High
Design,Medium,29,3,82591,89,1,0,0,18,7,Low
Process,Medium,21,5,53653,66,0,1,0,13,0,Low
Material,High,32,11,130434,81,1,1,0,19,2,High
Documentation,Low,48,3,66155,39,1,0,0,14,7,Low
Software,High,27,8,90948,81,0,1,0,6,9,Medium
Supplier,Medium,2,11,20727,85,0,1,0,3,9,Low
Software,High,5,0,76429,74,1,1,0,4,6,Low
Design,Medium,48,0,64232,14,1,0,0,11,1,Medium
Supplier,Low,47,11,18890,63,0,0,0,3,9,Medium
Design,Medium,46,3,32135,85,1,1,1,4,3,Medium
Documentation,High,8,13,105629,25,0,1,0,12,0,Low
Documentation,Medium,11,13,27497,94,1,0,1,6,7,Low
Documentation,Low,24,13,20250,101,0,0,0,13,1,Low
Documentation,Medium,14,14,9103,65,1,1,0,19,3,Low
Documentation,Medium,23,12,4472,115,1,1,0,1,6,Medium
Design,Medium,33,5,65444,103,0,0,0,12,9,Low
Documentation,Medium,17,14,73535,57,1,0,0,16,9,Low
Process,Low,8,5,93837,106,0,1,1,2,1,Medium
Material,Medium,24,8,86080,112,0,1,0,15,1,Medium
Supplier,High,43,0,80750,14,1,1,0,10,8,Medium
Material,High,37,14,149858,119,1,0,1,12,3,High
Design,Low,19,8,37870,2,0,0,1,1,0,Medium
Design,Medium,19,14,106992,59,0,0,0,8,5,Low
Design,Medium,35,5,12402,112,0,0,0,7,6,Low
Supplier,Low,11,4,127364,87,0,0,0,3,9,Low
Documentation,Medium,50,7,54718,33,1,1,0,15,4,Medium
Process,Low,52,12,52285,77,0,1,1,10,7,Medium
Supplier,Low,2,8,20709,27,1,0,1,17,5,Low
Material,High,58,11,76582,29,0,1,0,3,9,High
Supplier,Medium,2,3,60240,109,0,0,0,14,4,Low
Design,High,28,11,146153,7,1,1,0,12,6,High
Documentation,Low,40,10,27113,115,1,0,1,13,9,Low
Design,Medium,20,13,62899,55,0,0,1,6,8,Medium
Process,Medium,13,0,135077,9,0,1,0,13,4,Medium
Software,High,3,5,121189,94,0,0,1,4,5,Low
Process,High,43,1,114793,7,1,0,0,15,5,High
Documentation,Medium,3,6,79135,40,0,1,1,8,1,Medium
Design,Medium,29,11,131048,30,0,1,0,9,2,Medium
Documentation,Low,24,9,33982,94,1,0,0,11,7,Low
Software,Medium,58,11,121539,48,1,0,0,1,0,High
Software,Low,55,11,87272,79,1,1,0,7,6,High
Process,Medium,49,14,52818,10,0,0,0,4,4,High
Documentation,Low,44,13,33100,84,1,0,0,19,4,Low
Documentation,High,33,8,78483,85,0,0,0,8,8,Low
Material,Medium,21,13,952,35,1,1,0,0,2,Medium
Software,Medium,10,0,107350,105,0,1,0,0,7,Low
Software,Medium,58,10,35766,57,1,1,0,18,7,Medium
Supplier,Medium,23,7,58688,80,0,0,0,3,9,Low
Documentation,Low,26,14,29375,23,0,0,0,0,8,Low
Material,Critical,9,7,70075,112,1,0,0,4,5,Low
Supplier,High,17,2,55952,31,0,0,0,4,3,Low
Design,Low,38,10,28568,75,1,0,0,1,7,Low
Design,High,26,14,133345,12,1,1,0,19,9,High
Documentation,Medium,35,0,114029,7,1,1,0,1,2,Medium
Material,Low,13,0,58484,16,0,0,0,14,3,Low
Material,Medium,5,9,9116,113,1,1,0,16,4,Low
Design,Low,53,8,126855,26,0,1,0,12,1,High
Supplier,Low,26,8,104691,105,0,1,0,2,3,Medium
Software,High,22,1,83564,70,0,1,0,14,1,Low
Documentation,Medium,17,8,90893,12,0,0,0,6,7,Low
Design,High,39,8,1638,54,0,0,0,8,4,Low
Process,High,34,12,71340,58,0,0,0,5,6,Medium
Supplier,High,23,5,28716,33,0,1,0,15,0,Low
Process,Medium,55,5,97873,73,0,1,0,11,5,High
Material,High,54,1,139726,103,0,0,0,3,7,Medium
Material,Medium,12,8,79857,106,1,0,0,8,6,Low
Supplier,Medium,38,9,90823,63,0,1,0,15,7,Medium
Process,Medium,58,4,100284,107,1,0,0,18,1,Medium
Supplier,Critical,29,10,139467,110,1,0,0,18,5,High
Supplier,Low,2,14,6208,12,0,1,0,2,4,Medium
Software,Medium,8,2,46862,76,1,1,0,17,8,Low
Software,High,40,8,40619,93,0,0,0,11,6,Low
Material,Medium,54,10,107626,3,0,0,0,14,9,High
Software,High,8,0,67461,73,1,0,1,7,0,Low
Documentation,Medium,33,2,115917,109,0,0,0,13,4,Low
Design,Low,30,5,71125,33,0,0,0,5,7,Low
Process,Medium,17,2,146367,103,0,0,1,10,0,Low
Design,Medium,38,5,115163,112,0,1,0,4,6,Medium
Software,Low,52,2,3217,76,0,0,0,7,2,Low
Design,Low,15,13,148274,76,1,0,0,8,0,Medium
Process,Low,4,8,142859,65,0,1,0,17,6,Low
Design,High,22,4,6990,50,1,1,0,12,4,Low
Supplier,High,19,11,59042,55,0,0,0,12,4,Low
Documentation,Medium,43,0,145599,63,1,0,0,5,3,Medium
Material,Low,32,8,125779,58,1,0,0,8,6,Medium
Documentation,Medium,2,10,70507,99,1,1,1,9,6,Medium
Documentation,High,21,12,81934,92,1,0,0,15,6,Medium
Documentation,High,44,3,4932,43,0,1,0,3,7,Low
Design,Medium,29,8,84915,62,1,0,1,1,6,Medium
Software,Low,34,11,100119,27,0,1,0,10,0,Medium
Design,Critical,16,11,54226,22,1,0,0,16,1,Medium
Material,High,19,2,46361,45,1,0,0,14,9,Low
Documentation,Low,8,14,124356,8,1,0,0,16,2,Low
Process,High,5,4,67576,102,0,1,0,7,4,Low
Supplier,Low,3,5,39970,16,1,1,1,4,3,Medium
Material,Low,37,2,56535,40,1,0,0,13,9,Low
Software,High,10,2,74090,31,1,1,0,0,8,Low
Process,Medium,34,3,39295,26,1,1,0,17,4,Medium
Supplier,Medium,57,2,84246,45,1,1,0,14,6,High
Documentation,Critical,42,10,129252,86,1,1,0,10,5,High
Design,High,34,8,111506,107,1,0,0,3,6,Medium
Design,Low,7,5,35085,24,0,0,0,5,9,Low
Process,Medium,29,8,71009,30,1,1,0,19,6,Medium
Documentation,High,53,9,81783,57,0,1,1,0,1,High
Design,Medium,23,2,102202,39,1,1,0,0,5,Medium
Design,Critical,49,4,113585,96,0,1,1,6,8,High
Design,High,42,13,73051,28,0,1,0,4,0,High
Documentation,Low,16,0,47600,49,0,0,0,13,3,Low
Design,Low,9,14,99068,66,0,0,0,0,2,Low
Supplier,High,2,14,19299,47,0,1,0,15,7,Low
Documentation,Critical,17,3,101284,74,0,0,0,15,1,Low
Design,Low,20,4,134497,96,0,1,0,4,6,Low
Supplier,Low,39,3,106561,64,0,0,0,11,0,Low
Supplier,High,34,8,65329,55,1,1,0,13,9,Medium
Software,Low,29,3,123583,114,0,0,0,16,3,Low
Material,Low,43,11,80065,117,1,0,0,14,4,Medium
Material,High,46,5,81338,119,0,1,0,19,7,Medium
Design,High,43,14,127892,3,0,0,0,2,3,High
Software,High,53,12,29395,100,0,0,0,12,1,Medium
Software,High,22,6,117073,108,0,1,0,15,9,Low
Design,Medium,49,8,102106,97,1,0,1,4,1,High
Material,Critical,25,0,79590,90,1,1,1,4,4,High
Documentation,Medium,11,1,12029,45,0,0,0,1,1,Low
Design,Medium,9,7,114976,87,1,1,0,19,6,Low
Design,High,6,7,33233,70,0,0,0,17,2,Low
Supplier,High,57,5,134376,100,1,1,0,2,9,High
Material,High,10,1,118927,43,0,0,0,4,2,Low
Design,Low,50,12,54863,89,0,1,1,9,6,Medium
Supplier,Critical,47,6,65542,94,0,0,1,17,0,High
Design,Medium,26,7,4315,100,0,1,0,16,1,Low
Supplier,High,54,6,74957,22,1,1,0,17,2,High
Process,Critical,54,7,9162,103,1,0,0,16,8,Medium
Process,Medium,55,9,148115,27,1,0,0,12,9,High
Design,High,30,11,96198,112,1,1,0,5,6,High
Documentation,Medium,18,8,35658,6,0,1,0,12,3,Low
Design,High,3,2,120655,28,1,1,0,9,3,Medium
Software,High,50,13,3423,73,1,1,1,19,2,High
Material,High,52,4,82623,66,1,0,0,8,3,Medium
Software,Low,32,0,17150,83,0,1,0,15,4,Low
Design,Low,5,0,8639,49,1,1,1,3,6,Low
Design,Critical,49,11,37053,2,1,1,0,13,2,High
Supplier,Critical,18,5,44506,74,0,0,0,9,0,Low
Design,Critical,33,0,109025,62,1,0,0,8,5,Medium
Design,Low,39,12,133677,62,1,0,0,15,2,High
Software,Medium,9,4,116485,46,1,1,0,9,4,Low
Documentation,High,4,14,111110,107,1,0,1,1,7,Medium
Design,High,5,13,85040,95,0,1,0,7,8,Low
Documentation,Low,57,0,55991,23,1,1,0,19,5,Low
Software,Medium,57,10,38629,6,1,0,0,18,9,High
Documentation,Low,26,9,141895,23,0,0,0,12,2,Low
Process,Medium,26,2,78500,7,1,0,1,12,7,Medium
Process,Low,25,5,84868,85,0,1,0,5,9,Low
Supplier,Low,21,7,2736,75,1,1,0,15,2,Low
Process,Low,33,2,68968,56,0,0,0,11,7,Low
Documentation,Critical,22,10,102429,71,0,0,0,0,4,Medium
Design,High,37,4,74521,97,0,0,1,18,8,Low
Material,Critical,23,14,92337,100,0,1,0,17,3,High
Design,Medium,38,12,121551,53,1,1,0,1,9,High
Documentation,Medium,56,9,3758,71,0,0,0,8,7,Low
Material,Medium,13,1,135706,70,1,0,0,14,7,Low
Process,Medium,4,0,122643,114,0,0,0,14,0,Low
Documentation,Medium,32,2,63276,91,0,1,0,3,0,Low
Documentation,High,8,7,114632,39,1,1,0,0,6,Medium
Design,High,14,11,10446,106,0,0,1,19,4,Low
Software,High,47,2,46579,48,0,1,0,17,3,Low
Documentation,Low,25,10,16611,91,1,0,0,14,8,Low
Design,Medium,33,0,95488,117,0,1,0,13,4,Low
Software,Low,46,3,128499,97,1,0,0,13,4,Medium
Material,Low,8,8,90423,14,1,1,0,9,3,Medium
Process,High,29,12,106877,26,1,0,0,13,9,High
Supplier,Medium,3,11,21905,95,0,1,0,6,3,Low
Design,High,30,7,140135,16,0,1,0,1,2,High
Design,Low,14,0,29392,3,1,0,0,6,6,Low
Design,Critical,54,4,79187,32,1,1,0,5,0,High
Design,Critical,16,11,102639,59,1,1,1,6,5,High
Process,Medium,12,1,128568,17,0,0,0,9,5,Low
Material,High,1,10,140065,20,1,0,1,2,2,High
Design,Low,8,10,90008,41,1,1,0,8,7,Low
Process,High,13,11,86654,72,1,0,0,9,0,Medium
Process,High,14,3,62861,66,1,0,0,3,9,Low
Supplier,High,44,3,85388,96,0,1,0,9,8,Medium
Documentation,High,53,2,101389,117,0,1,0,13,1,Medium
Material,Medium,51,5,97178,5,0,0,0,8,4,High
Documentation,High,57,7,89054,83,1,0,1,0,1,High
Design,High,53,1,66366,21,1,1,0,14,6,Medium
Software,Low,27,8,29766,44,0,0,0,11,3,Low
Documentation,Low,24,3,8598,42,0,0,0,8,4,Low
Documentation,High,39,8,63405,84,0,0,0,0,9,Low
Process,Medium,19,4,59777,32,0,0,0,1,6,Low
Process,Medium,36,14,91404,107,0,1,1,1,8,High
Material,Critical,59,4,135087,47,1,0,0,17,6,High
Process,High,12,13,105380,98,1,0,0,6,4,Medium
Software,Medium,46,2,120839,114,0,1,0,8,0,High
Documentation,Medium,56,1,86927,62,0,1,0,13,0,Medium
Supplier,Medium,32,2,139149,13,0,1,0,13,5,Medium
Design,High,22,6,140961,84,0,1,0,1,5,Medium
Process,Medium,16,13,23348,51,0,0,0,18,5,Low
Design,Medium,10,2,96073,41,0,0,0,5,8,Low
Design,High,19,11,76140,55,0,0,1,15,0,Medium
Material,High,45,10,145816,37,0,1,0,16,6,High
Software,High,31,5,87916,35,1,0,0,10,7,Medium
Design,Low,14,5,2884,118,0,1,0,3,6,Low
Design,High,32,14,31883,34,0,0,0,10,2,Low
Design,Medium,48,10,19863,56,0,1,1,4,4,Medium
Documentation,Low,1,3,30545,86,0,1,1,16,0,Low
Process,High,2,13,14823,28,1,1,0,15,1,Medium
Design,High,57,6,117413,74,0,1,0,16,8,Medium
Design,Medium,45,1,74372,107,0,0,0,16,6,Low
Supplier,High,34,12,100941,97,1,0,0,3,8,High
Design,Medium,54,13,149986,5,0,0,0,0,6,High
Process,Low,35,6,97254,49,0,0,0,12,2,Low
Material,Medium,31,10,72143,2,0,1,0,12,8,High
Documentation,Medium,13,3,40414,73,0,1,0,17,6,Low
Design,High,48,12,113298,40,1,1,0,12,1,High
Process,High,46,5,76262,107,1,0,0,16,0,High
Design,High,18,4,113657,22,0,0,0,6,7,Low
Documentation,Low,44,7,3948,102,0,0,0,2,7,Low
Documentation,Medium,43,4,24888,42,0,0,0,0,0,Low
Software,Low,6,9,19926,110,1,1,1,8,4,Low
Supplier,High,10,11,102366,25,1,0,0,0,9,Medium
Design,Low,36,6,77978,33,0,0,0,10,7,Low
Software,Medium,37,11,47886,43,1,1,0,8,8,Medium
Software,High,39,6,46796,118,0,0,0,5,3,Medium
Design,High,23,14,91218,88,1,1,0,11,1,High
Supplier,Medium,50,3,144867,98,0,0,0,13,3,Medium
Supplier,Medium,27,10,149315,67,0,1,0,0,6,High
Documentation,High,13,8,70986,95,1,1,0,9,8,Low
Process,Medium,7,14,100740,75,1,0,0,18,6,Low
Process,Low,52,3,12992,80,0,0,0,5,0,Low
Process,High,42,2,141843,100,1,0,0,15,5,Medium
Design,Medium,28,13,3167,118,0,1,0,6,1,Low
Material,Medium,13,13,51665,69,0,1,0,5,6,Medium
Design,Low,6,11,108926,54,1,0,0,17,4,Low
Software,Medium,10,7,145475,79,1,1,0,7,5,Medium
Material,Medium,7,6,26140,89,0,0,0,17,5,Low
Material,Medium,32,9,99321,118,1,1,0,13,6,High
Design,Medium,12,11,28577,84,1,1,0,16,0,Low
Design,Medium,8,4,8015,114,0,0,0,16,9,Low
Process,High,17,0,63859,88,1,0,0,18,5,Low
Design,Critical,42,1,86705,114,0,0,1,11,5,Medium
Design,Low,30,5,39977,90,1,0,0,19,3,Low
Software,Low,10,10,145973,106,0,0,0,1,1,Medium
Material,High,45,6,92678,24,0,0,0,9,6,Medium
Material,Critical,29,9,66027,119,0,0,0,7,3,Medium
Material,High,12,7,73111,43,0,1,0,1,9,Low
Software,Low,41,3,69902,96,0,0,0,17,6,Low
Material,Medium,59,11,17161,48,1,0,0,16,4,Medium
Software,Low,32,10,91155,56,0,1,0,14,0,Medium
Documentation,High,10,14,117818,90,0,1,0,12,5,Medium
Process,Medium,19,12,63472,65,0,1,0,12,8,Low
Material,Medium,36,5,64165,86,0,0,0,7,4,Low
Software,Medium,59,10,136613,11,0,1,0,13,6,High
Supplier,Medium,55,5,91819,100,1,0,0,19,1,Medium
Material,Medium,56,13,45024,50,0,0,1,5,4,High
Supplier,Low,50,9,1089,95,1,0,0,6,7,Medium
Material,Medium,34,12,123573,35,1,0,0,2,4,High
Design,High,39,4,94146,72,0,0,0,18,8,Low
Material,High,44,0,94107,71,1,1,1,10,4,High
Design,Medium,43,2,42786,18,0,1,0,11,8,Low
Material,High,38,7,28327,57,1,0,0,5,6,Low
Supplier,High,8,14,74408,76,1,0,0,0,9,Low
Documentation,Low,52,9,113792,100,1,1,0,16,5,Medium
Design,Low,1,12,45009,106,1,1,0,17,4,Low
Process,Medium,26,7,79292,47,0,1,1,6,3,Medium
Supplier,Medium,26,14,149440,77,0,0,1,15,6,High
Design,Low,59,14,33294,22,1,0,0,11,9,Medium
Design,Low,6,3,35010,107,0,1,0,12,1,Low
Design,Low,29,12,35774,104,1,1,0,3,9,Medium
Design,Medium,22,0,136972,119,0,0,0,12,9,Low
Design,Medium,6,8,79550,59,0,1,0,3,7,Low
Material,Low,14,6,137736,44,0,1,1,4,5,Medium
Supplier,High,25,4,142189,91,1,0,0,7,8,Medium
Design,Medium,55,14,63439,87,0,0,0,4,2,Medium
Design,Medium,23,9,8711,27,0,0,0,18,6,Low
Design,Low,52,2,45948,65,1,1,0,0,8,Medium
Supplier,High,44,2,81795,77,0,0,0,18,8,Low
Material,Critical,49,1,57464,55,0,1,0,3,5,Medium
Supplier,Medium,51,4,837,45,0,0,0,17,3,Low
Design,Low,43,1,148406,30,0,1,0,6,9,Medium
Design,Medium,44,3,45828,50,0,1,0,18,6,Low
Documentation,Low,10,11,93010,31,1,0,0,10,7,Low
Design,High,43,13,142038,37,0,0,0,9,6,High
Design,Low,3,11,81944,23,0,1,0,2,8,Low
Design,Critical,44,7,104320,46,0,0,0,8,4,Medium
Documentation,Medium,39,10,5869,76,0,0,0,11,5,Low
Process,Medium,45,14,104665,46,0,0,1,19,8,Medium
Process,High,38,0,127252,18,1,0,0,5,5,High
Documentation,Low,22,13,137784,96,1,0,0,1,2,Medium
Design,High,22,10,13028,52,0,0,1,5,7,Medium
Documentation,Low,36,5,34642,70,0,0,1,4,3,Low
Design,High,28,6,7522,63,1,1,0,18,1,Low
Process,Medium,21,6,137730,61,0,0,0,3,3,Medium
Material,Low,29,2,41591,53,0,0,0,19,0,Low
Material,High,32,3,79959,91,0,0,0,2,8,Low
Documentation,Low,15,4,71630,102,0,1,0,16,9,Low
Design,Low,38,0,103468,108,1,1,1,8,2,High
Documentation,High,19,7,134345,54,1,1,0,1,9,Low
Material,Medium,16,7,48900,42,0,0,0,12,7,Low
Process,High,25,4,118616,11,0,0,0,14,9,Medium
Documentation,Medium,7,2,43995,54,0,0,0,16,1,Low
Design,Medium,36,14,30046,119,1,0,0,3,0,High
Documentation,Medium,44,10,16385,32,0,1,0,12,9,Low
Supplier,Low,57,7,56125,101,0,1,1,11,2,High
Process,Critical,17,10,84292,91,1,0,0,8,5,Medium
Design,Low,32,5,117145,79,1,0,0,17,9,Low
Supplier,Medium,30,3,127331,68,0,1,0,8,3,Medium
Process,Medium,44,10,79300,91,0,0,1,7,0,Medium
Supplier,Medium,37,11,61637,13,0,1,0,10,7,Medium
Design,Medium,48,9,26586,17,1,0,0,18,4,Medium
Design,High,51,8,137156,25,1,0,0,17,0,High
Documentation,High,7,0,59710,92,1,1,0,14,3,Low
Design,High,21,9,114813,52,0,1,0,1,5,Medium
Process,Medium,39,9,94077,26,0,0,0,6,8,Medium
Documentation,Medium,33,6,139755,7,0,0,0,0,2,Medium
Design,Low,29,3,145997,59,0,0,1,1,5,Medium
Design,High,11,14,106171,49,0,0,1,16,1,Medium
Process,Medium,34,5,99440,23,0,0,0,16,2,Low
Design,Medium,44,4,21021,4,0,1,1,2,2,High
Process,Low,3,10,2921,90,1,0,0,9,5,Low
Process,High,35,7,82131,93,1,1,0,5,6,High
Process,High,54,8,105898,31,0,1,1,1,1,High
Material,High,34,9,112048,60,0,0,0,7,0,Medium
Process,Low,57,5,38004,31,1,1,0,2,7,Medium
Process,Critical,21,2,75729,50,0,0,0,14,2,Medium
Design,Low,1,2,129392,14,0,1,0,19,6,Low
Supplier,Medium,41,14,14808,113,1,1,0,8,0,High
Documentation,Low,13,7,57891,87,0,1,1,4,6,Low
Process,Medium,1,6,141706,108,0,0,0,9,9,Low
Supplier,Medium,11,4,30342,36,1,0,0,19,4,Low
Material,Low,56,10,47842,105,1,1,0,3,5,High
Design,Medium,47,13,70458,63,0,1,0,13,2,Medium
Design,High,17,11,103415,25,1,0,0,1,2,High
Design,High,36,8,38652,41,0,1,0,6,0,Medium
Documentation,High,21,7,118950,97,1,0,0,8,4,Low
Design,Medium,11,12,35755,93,1,1,0,7,9,Low
Software,Low,59,12,55548,86,1,0,0,3,1,High
Design,High,49,5,86202,28,1,1,0,15,4,High
Design,Low,22,14,2306,78,1,1,0,13,8,Low
Material,Medium,21,12,115218,113,0,0,0,8,4,Medium
Material,Low,49,12,100487,7,1,1,0,8,7,High
Software,High,28,0,125325,39,0,1,0,1,3,Medium
Documentation,Medium,23,1,41595,11,0,1,0,13,6,Low
Documentation,High,23,4,59951,14,0,0,1,4,9,Low
Design,Medium,27,11,134836,119,0,0,1,6,5,High
Software,Medium,31,1,10487,30,1,1,0,17,7,Low
Design,Medium,3,1,73934,23,0,1,0,12,6,Low
Documentation,Low,29,0,72854,10,0,0,0,13,0,Low
Supplier,Medium,26,2,67400,117,0,1,1,5,1,Medium
Material,Medium,17,13,65350,57,1,1,0,10,6,Medium
Design,Medium,21,10,112218,95,1,0,0,0,3,Medium
Design,Low,26,10,29948,31,1,1,1,4,4,High
Design,High,22,4,133726,77,0,0,0,16,4,Low
Documentation,Medium,54,9,134473,106,1,1,0,9,7,High
Software,Low,32,11,27319,81,0,0,0,12,9,Low
Documentation,Low,30,7,146135,63,0,0,1,15,9,Medium
Design,Medium,16,12,39676,26,1,0,0,18,0,Low
Process,Medium,55,8,8236,29,0,1,1,1,7,Medium
Design,High,2,4,60010,72,1,0,0,11,7,Low
Supplier,Low,33,9,119464,55,0,1,0,19,8,Medium
Material,High,10,14,126767,7,1,1,1,3,4,High
Design,Medium,46,12,97034,25,0,1,0,17,5,High
Process,Medium,23,7,121772,52,1,1,0,11,4,Medium
Design,High,18,8,39584,23,0,1,0,6,3,Medium
Supplier,Medium,4,14,131908,67,1,1,0,15,2,High
Process,Low,47,11,95455,37,1,1,0,17,6,High
Design,Medium,24,7,20470,36,0,1,0,2,0,Low
Documentation,Critical,16,4,19732,14,0,1,1,13,7,Low
Supplier,Critical,50,13,40461,61,1,0,1,18,8,High
Software,Low,2,14,10876,24,0,0,1,13,2,Low
Process,High,28,1,42770,76,0,1,0,10,2,Low
Process,Medium,10,0,149026,112,1,0,1,2,5,Medium
Process,Low,8,1,36394,109,0,0,1,9,8,Low
Documentation,High,2,5,95637,80,1,1,0,18,1,Low
Process,Medium,12,2,146640,97,1,1,1,15,4,High
Design,Medium,56,13,38356,110,0,1,0,9,2,High
Design,High,27,13,104579,82,0,0,1,6,8,Medium
Process,Medium,59,2,67780,32,1,0,0,16,8,Medium
Design,High,16,12,43153,61,1,1,0,19,0,Medium
Design,Medium,45,2,142538,103,1,0,0,5,1,Medium
Design,Low,6,11,98678,80,1,1,0,16,1,Medium
Supplier,Medium,7,5,66089,44,0,0,0,6,8,Low
Design,Critical,1,0,121908,21,0,0,0,16,9,Low
Process,Medium,54,6,135116,19,1,1,1,19,3,High
Software,Low,40,12,117331,46,1,0,0,13,1,High
Documentation,High,44,14,130386,96,0,1,0,9,6,Medium
Material,Critical,55,1,48640,67,0,0,0,6,8,Medium
Supplier,Critical,20,12,51951,9,0,1,0,1,9,Medium
Supplier,Medium,43,4,35286,110,1,1,0,1,4,Medium
Supplier,Medium,30,6,104553,49,0,0,0,16,7,Low
Process,Medium,33,1,120573,48,0,1,0,13,9,Medium
Design,High,40,14,99244,98,0,0,0,4,8,Medium
Documentation,High,28,11,90081,46,1,1,1,11,4,High
Design,High,2,9,115796,74,1,1,0,17,2,Medium
